,DateTime,Price,Откр.,Макс.,Мин.,Объём,Изм. %
0,2023-08-31,6830.0,"6.858,5","6.875,0","6.788,0","822,17K","-0,10%"
1,2023-08-30,6837.0,"6.789,0","6.900,0","6.760,0","2,16M","0,85%"
2,2023-08-29,6779.5,"6.673,5","6.780,0","6.636,0","1,94M","1,76%"
3,2023-08-28,6662.0,"6.570,5","6.665,0","6.560,0","913,84K","1,46%"
4,2023-08-25,6566.0,"6.562,5","6.592,5","6.513,5","764,29K","0,07%"
5,2023-08-24,6561.5,"6.497,5","6.571,5","6.432,0","1,24M","2,32%"
6,2023-08-23,6412.5,"6.632,0","6.654,0","6.364,0","2,95M","-2,94%"
7,2023-08-22,6606.5,"6.265,5","6.677,0","6.216,5","5,30M","5,44%"
8,2023-08-21,6265.5,"6.295,0","6.338,0","6.237,0","1,19M","-0,19%"
9,2023-08-18,6277.5,"6.167,0","6.285,0","6.122,5","918,71K","1,87%"
10,2023-08-17,6162.0,"6.160,0","6.167,0","6.062,0","900,51K","1,11%"
11,2023-08-16,6094.5,"6.156,5","6.198,0","5.990,5","1,99M","-0,60%"
12,2023-08-15,6131.5,"6.089,5","6.290,0","6.008,0","2,28M","0,07%"
13,2023-08-14,6127.5,"6.322,0","6.428,0","6.011,5","3,04M","-2,50%"
14,2023-11-08,6284.5,"6.265,0","6.287,0","6.205,0","788,92K","0,52%"
15,2023-10-08,6252.0,"6.185,0","6.258,0","6.155,0","1,02M","1,30%"
16,2023-09-08,6171.5,"6.130,0","6.185,0","6.073,0","941,05K","0,77%"
17,2023-08-08,6124.5,"6.040,0","6.135,0","5.925,0","1,55M","1,26%"
18,2023-07-08,6048.5,"6.177,0","6.210,0","5.975,0","1,41M","-0,89%"
19,2023-04-08,6103.0,"6.170,0","6.270,0","5.951,5","2,84M","-0,84%"
20,2023-03-08,6155.0,"6.066,0","6.168,0","6.040,0","999,74K","1,41%"
21,2023-02-08,6069.5,"6.008,0","6.123,0","5.960,0","1,32M","1,02%"
22,2023-01-08,6008.0,"5.940,5","6.049,0","5.883,0","1,34M","1,18%"
23,2023-07-31,5938.0,"5.952,5","5.999,5","5.905,5","1,56M","0,71%"
24,2023-07-28,5896.0,"5.679,0","5.917,0","5.654,5","1,87M","4,02%"
25,2023-07-27,5668.0,"5.638,0","5.678,0","5.637,5","633,92K","0,75%"
26,2023-07-26,5626.0,"5.636,0","5.665,5","5.591,0","763,97K","-0,13%"
27,2023-07-25,5633.5,"5.555,5","5.649,5","5.532,5","1,22M","1,59%"
28,2023-07-24,5545.5,"5.508,0","5.554,0","5.491,0","626,21K","0,74%"
29,2023-07-21,5505.0,"5.410,0","5.505,0","5.397,5","643,48K","2,06%"
30,2023-07-20,5394.0,"5.518,0","5.520,0","5.381,0","864,11K","-2,25%"
31,2023-07-19,5518.0,"5.541,0","5.568,0","5.495,0","610,88K","-0,35%"
32,2023-07-18,5537.5,"5.514,5","5.585,0","5.481,0","1,15M","0,63%"
33,2023-07-17,5503.0,"5.490,0","5.535,0","5.462,5","767,65K","-0,20%"
34,2023-07-14,5514.0,"5.488,0","5.550,0","5.450,0","792,18K","0,29%"
35,2023-07-13,5498.0,"5.531,0","5.549,5","5.461,0","721,19K","-0,04%"
36,2023-12-07,5500.0,"5.442,0","5.535,0","5.377,5","1,23M","1,12%"
37,2023-11-07,5439.0,"5.440,5","5.449,5","5.366,5","691,23K","0,06%"
38,2023-10-07,5436.0,"5.475,5","5.505,5","5.404,0","1,10M","-0,06%"
39,2023-07-07,5439.5,"5.362,0","5.446,5","5.326,0","1,30M","1,73%"
40,2023-06-07,5347.0,"5.320,0","5.390,0","5.304,0","1,41M","0,92%"
41,2023-05-07,5298.5,"5.225,0","5.311,0","5.221,5","1,21M","1,72%"
42,2023-04-07,5209.0,"5.110,0","5.260,0","5.082,0","1,47M","2,23%"
43,2023-03-07,5095.5,"5.099,0","5.123,0","5.080,0","638,46K","0,32%"
44,2023-06-30,5079.0,"5.127,0","5.139,0","5.063,0","711,61K","-0,88%"
45,2023-06-29,5124.0,"5.116,5","5.150,0","5.096,0","742,24K","0,31%"
46,2023-06-28,5108.0,"5.150,0","5.155,0","5.082,0","702,89K","-0,58%"
47,2023-06-27,5138.0,"5.077,0","5.158,5","5.031,0","924,41K","1,77%"
48,2023-06-26,5048.5,"5.100,0","5.114,0","4.965,0","1,19M","0,37%"
49,2023-06-23,5030.0,"5.130,0","5.145,0","5.004,0","1,07M","-2,08%"
50,2023-06-22,5137.0,"5.134,0","5.189,0","5.103,0","603,81K","0,23%"
51,2023-06-21,5125.0,"5.152,5","5.166,5","5.110,0","644,98K","-0,50%"
52,2023-06-20,5150.5,"5.190,0","5.194,0","5.081,0","977,79K","-0,84%"
53,2023-06-19,5194.0,"5.262,0","5.297,5","5.177,0","773,46K","-1,26%"
54,2023-06-16,5260.5,"5.309,5","5.330,0","5.243,5","571,05K","-0,79%"
55,2023-06-15,5302.5,"5.251,5","5.319,5","5.226,0","1,06M","1,08%"
56,2023-06-14,5246.0,"5.299,0","5.324,0","5.205,5","925,72K","-0,34%"
57,2023-06-13,5264.0,"5.092,0","5.265,5","5.077,0","1,38M","3,68%"
58,2023-09-06,5077.0,"5.082,0","5.112,5","5.070,0","522,44K","0,24%"
59,2023-08-06,5065.0,"5.101,0","5.111,0","5.041,0","741,01K","-0,71%"
60,2023-07-06,5101.0,"5.164,5","5.164,5","5.073,0","933,29K","-0,94%"
61,2023-06-06,5149.5,"5.145,0","5.175,5","4.962,5","2,20M","-0,33%"
62,2023-05-06,5166.5,"5.401,0","5.420,0","5.155,5","2,09M","-4,02%"
63,2023-02-06,5383.0,"5.303,0","5.454,0","5.302,0","3,23M","-5,30%"
64,2023-01-06,5684.0,"5.570,0","5.685,0","5.540,0","1,77M","2,07%"
65,2023-05-31,5569.0,"5.590,5","5.594,0","5.505,0","1,14M","0,71%"
66,2023-05-30,5530.0,"5.515,0","5.698,5","5.461,5","2,58M","-0,15%"
67,2023-05-29,5538.5,"5.341,0","5.547,5","5.332,0","2,22M","4,57%"
68,2023-05-26,5296.5,"5.207,5","5.298,5","5.203,0","979,24K","1,79%"
69,2023-05-25,5203.5,"5.198,0","5.209,0","5.160,5","858,84K","0,22%"
70,2023-05-24,5192.0,"5.185,0","5.215,0","5.142,0","953,70K","0,37%"
71,2023-05-23,5173.0,"5.094,0","5.174,0","5.065,0","930,01K","1,63%"
72,2023-05-22,5090.0,"5.112,0","5.116,0","5.057,0","469,49K","0,23%"
73,2023-05-19,5078.5,"5.070,0","5.078,5","5.013,0","669,41K","0,07%"
74,2023-05-18,5075.0,"5.110,0","5.120,0","5.070,0","665,35K","-0,43%"
75,2023-05-17,5097.0,"5.094,5","5.120,0","5.060,5","692,80K","0,22%"
76,2023-05-16,5086.0,"5.068,0","5.120,0","5.020,5","1,49M","0,80%"
77,2023-05-15,5045.5,"4.840,0","5.055,0","4.838,0","1,88M","4,70%"
78,2023-12-05,4819.0,"4.800,0","4.842,5","4.751,0","973,51K","0,64%"
79,2023-11-05,4788.5,"4.728,5","4.849,5","4.681,0","2,37M","1,54%"
80,2023-10-05,4716.0,"4.560,0","4.716,0","4.559,0","1,01M","3,32%"
81,2023-08-05,4564.5,"4.524,5","4.599,5","4.517,5","363,54K","1,23%"
82,2023-05-05,4509.0,"4.547,5","4.557,5","4.501,5","433,75K","-0,85%"
83,2023-04-05,4547.5,"4.529,5","4.564,5","4.512,5","491,93K","0,87%"
84,2023-03-05,4508.5,"4.581,0","4.638,0","4.491,0","1,11M","-1,58%"
85,2023-02-05,4581.0,"4.680,0","4.705,0","4.552,0","856,74K","-2,00%"
86,2023-04-28,4674.5,"4.710,0","4.710,0","4.641,5","541,27K","-0,54%"
87,2023-04-27,4700.0,"4.659,0","4.710,5","4.655,0","510,78K","0,88%"
88,2023-04-26,4659.0,"4.695,0","4.706,0","4.627,5","646,92K","-0,64%"
89,2023-04-25,4689.0,"4.714,0","4.720,0","4.678,0","391,57K","-0,46%"
90,2023-04-24,4710.5,"4.728,5","4.750,0","4.692,5","531,21K","-0,40%"
91,2023-04-21,4729.5,"4.759,5","4.776,5","4.711,0","855,35K","-0,35%"
92,2023-04-20,4746.0,"4.539,5","4.794,5","4.462,0","3,66M","4,55%"
93,2023-04-19,4539.5,"4.600,0","4.609,5","4.528,0","1,23M","-1,30%"
94,2023-04-18,4599.5,"4.649,5","4.658,0","4.583,5","886,11K","-0,87%"
95,2023-04-17,4640.0,"4.660,0","4.670,0","4.629,5","663,50K","0,48%"
96,2023-04-14,4618.0,"4.612,5","4.629,0","4.553,5","956,04K","0,12%"
97,2023-04-13,4612.5,"4.686,0","4.686,0","4.590,0","903,15K","-1,23%"
98,2023-12-04,4670.0,"4.668,0","4.728,5","4.630,0","937,99K","1,08%"
99,2023-11-04,4620.0,"4.650,5","4.689,0","4.575,0","898,48K","-0,66%"
100,2023-10-04,4650.5,"4.636,0","4.661,0","4.620,0","605,84K","0,29%"
101,2023-07-04,4637.0,"4.610,5","4.638,5","4.520,0","642,43K","1,13%"
102,2023-06-04,4585.0,"4.541,5","4.623,5","4.475,5","937,87K","0,99%"
103,2023-05-04,4540.0,"4.509,5","4.545,0","4.460,0","559,41K","0,65%"
104,2023-04-04,4510.5,"4.491,5","4.575,5","4.476,5","918,08K","0,83%"
105,2023-03-04,4473.5,"4.499,5","4.508,5","4.422,0","1,13M","2,78%"
106,2023-03-31,4352.5,"4.379,0","4.389,0","4.280,5","675,59K","-0,68%"
107,2023-03-30,4382.5,"4.349,5","4.388,5","4.320,0","440,24K","0,93%"
108,2023-03-29,4342.0,"4.323,0","4.360,0","4.294,0","421,82K","0,51%"
109,2023-03-28,4320.0,"4.331,0","4.350,5","4.271,0","490,57K","-0,05%"
110,2023-03-27,4322.0,"4.230,0","4.343,5","4.217,0","586,53K","2,75%"
111,2023-03-24,4206.5,"4.178,0","4.221,0","4.158,0","242,46K","0,69%"
112,2023-03-23,4177.5,"4.199,5","4.215,0","4.159,0","373,94K","-0,36%"
113,2023-03-22,4192.5,"4.216,0","4.254,0","4.184,0","419,84K","-0,57%"
114,2023-03-21,4216.5,"4.230,0","4.287,5","4.167,5","886,70K","-0,28%"
115,2023-03-20,4228.5,"4.128,0","4.247,5","4.090,5","961,02K","2,85%"
116,2023-03-17,4111.5,"4.095,0","4.140,0","4.073,0","921,98K","0,67%"
117,2023-03-16,4084.0,"4.013,0","4.092,0","4.011,0","628,47K","1,54%"
118,2023-03-15,4022.0,"4.077,0","4.079,0","4.009,0","540,00K","-1,01%"
119,2023-03-14,4063.0,"4.059,0","4.095,0","4.044,0","364,33K","-0,07%"
120,2023-03-13,4066.0,"4.090,5","4.120,0","4.039,0","458,63K","-0,47%"
121,2023-10-03,4085.0,"4.088,0","4.111,0","4.035,0","411,77K","-0,49%"
122,2023-09-03,4105.0,"4.125,0","4.136,0","4.099,0","369,04K","-0,48%"
123,2023-07-03,4125.0,"4.124,5","4.138,0","4.090,0","446,45K","0,33%"
124,2023-06-03,4111.5,"4.048,0","4.129,0","4.045,5","767,48K","2,01%"
125,2023-03-03,4030.5,"4.003,0","4.048,0","4.001,5","467,51K","0,66%"
126,2023-02-03,4004.0,"4.056,5","4.078,0","3.966,0","1,01M","-1,28%"
127,2023-01-03,4056.0,"4.012,0","4.060,0","3.978,0","827,96K","1,65%"
128,2023-02-28,3990.0,"3.905,5","4.021,0","3.903,0","1,17M","2,23%"
129,2023-02-27,3903.0,"3.881,5","3.920,0","3.881,5","317,56K","0,05%"
130,2023-02-24,3901.0,"3.916,0","3.925,0","3.880,0","123,66K","-0,22%"
131,2023-02-22,3909.5,"3.915,5","3.925,0","3.873,0","195,65K","-0,13%"
132,2023-02-21,3914.5,"3.912,0","3.950,0","3.901,5","373,58K","0,24%"
133,2023-02-20,3905.0,"3.849,5","3.927,5","3.804,0","451,38K","1,69%"
134,2023-02-17,3840.0,"3.830,0","3.860,0","3.802,5","250,59K","0,26%"
135,2023-02-16,3830.0,"3.840,0","3.873,5","3.811,5","342,42K","0,03%"
136,2023-02-15,3829.0,"3.903,0","3.906,0","3.800,0","701,27K","-2,18%"
137,2023-02-14,3914.5,"3.928,5","3.937,0","3.905,0","287,64K","-0,36%"
138,2023-02-13,3928.5,"3.941,5","3.948,0","3.911,0","285,21K","0,18%"
139,2023-10-02,3921.5,"3.915,0","3.969,5","3.903,5","315,59K","0,19%"
140,2023-09-02,3914.0,"3.949,0","3.960,0","3.907,5","295,57K","-0,42%"
141,2023-08-02,3930.5,"3.979,0","3.998,5","3.903,0","533,76K","-0,95%"
142,2023-07-02,3968.0,"3.950,5","3.977,0","3.931,0","390,66K","0,69%"
143,2023-06-02,3941.0,"3.908,0","3.946,5","3.902,0","412,52K","0,86%"
144,2023-03-02,3907.5,"3.918,0","3.920,0","3.880,0","551,15K","-0,28%"
145,2023-02-02,3918.5,"3.955,5","3.960,0","3.900,5","567,89K","-0,94%"
146,2023-01-02,3955.5,"3.959,5","3.989,0","3.935,0","354,76K","0,01%"
147,2023-01-31,3955.0,"3.947,0","3.972,5","3.925,5","377,66K","0,19%"
148,2023-01-30,3947.5,"3.929,0","3.954,0","3.917,0","321,30K","0,78%"
149,2023-01-27,3917.0,"3.911,0","3.920,0","3.892,5","473,47K","0,15%"
150,2023-01-26,3911.0,"3.924,0","3.935,0","3.901,5","326,41K","-0,32%"
151,2023-01-25,3923.5,"3.949,0","3.960,0","3.900,5","542,13K","-0,48%"
152,2023-01-24,3942.5,"3.986,0","3.990,0","3.930,5","296,37K","-0,76%"
153,2023-01-23,3972.5,"3.950,0","3.979,5","3.944,5","340,22K","0,72%"
154,2023-01-20,3944.0,"3.982,0","3.995,0","3.925,0","384,13K","-0,93%"
155,2023-01-19,3981.0,"4.019,5","4.020,0","3.974,0","414,21K","-0,99%"
156,2023-01-18,4021.0,"4.037,5","4.049,0","4.012,0","270,72K","-0,10%"
157,2023-01-17,4025.0,"4.052,5","4.060,5","4.015,0","326,71K","-0,67%"
158,2023-01-16,4052.0,"4.078,0","4.096,5","4.045,0","463,29K","-0,54%"
159,2023-01-13,4074.0,"4.080,0","4.090,0","4.068,0","222,76K","-0,11%"
160,2023-12-01,4078.5,"4.091,0","4.094,0","4.071,0","175,45K","-0,29%"
161,2023-11-01,4090.5,"4.080,0","4.099,0","4.065,5","264,36K","0,28%"
162,2023-10-01,4079.0,"4.100,0","4.104,0","4.063,5","287,63K","-0,75%"
163,2023-09-01,4110.0,"4.105,0","4.123,0","4.093,0","356,31K","0,51%"
164,2023-06-01,4089.0,"4.088,0","4.118,0","4.085,0","239,86K","0,05%"
165,2023-05-01,4087.0,"4.121,5","4.127,0","4.081,5","176,21K","-0,70%"
166,2023-04-01,4116.0,"4.124,0","4.165,5","4.090,0","405,82K","-0,18%"
167,2023-03-01,4123.5,"4.082,0","4.139,0","4.075,5","321,49K","1,33%"
168,2022-12-30,4069.5,"4.030,5","4.088,0","4.022,5","454,46K","1,18%"
169,2022-12-29,4022.0,"4.017,0","4.035,0","4.015,5","274,67K","0,16%"
170,2022-12-28,4015.5,"4.032,5","4.040,0","4.010,0","375,00K","-0,32%"
171,2022-12-27,4028.5,"4.020,0","4.035,0","4.011,0","392,37K","0,46%"
172,2022-12-26,4010.0,"4.014,0","4.047,0","4.000,0","380,72K","-0,01%"
173,2022-12-23,4010.5,"4.022,0","4.024,5","3.985,0","413,41K","-0,42%"
174,2022-12-22,4027.5,"4.050,0","4.058,5","4.017,0","428,58K","-0,32%"
175,2022-12-21,4040.5,"4.085,0","4.095,0","3.997,0","700,52K","-0,87%"
176,2022-12-20,4076.0,"4.146,0","4.146,0","3.883,5","1,89M","-11,87%"
177,2022-12-19,4625.0,"4.585,0","4.625,0","4.530,5","1,26M","0,98%"
178,2022-12-16,4580.0,"4.526,5","4.590,0","4.501,0","633,26K","1,31%"
179,2022-12-15,4521.0,"4.591,0","4.599,5","4.511,0","722,36K","-1,51%"
180,2022-12-14,4590.5,"4.580,0","4.604,0","4.560,0","557,60K","0,28%"
181,2022-12-13,4577.5,"4.596,0","4.596,0","4.560,0","411,50K","-0,13%"
182,2022-12-12,4583.5,"4.595,0","4.607,0","4.575,0","325,27K","0,01%"
183,2022-09-12,4583.0,"4.583,0","4.586,0","4.570,0","224,47K","0,11%"
184,2022-08-12,4578.0,"4.600,0","4.602,0","4.565,0","284,67K","-0,32%"
185,2022-07-12,4592.5,"4.610,0","4.612,0","4.580,0","264,17K","-0,24%"
186,2022-06-12,4603.5,"4.632,5","4.633,0","4.586,0","437,63K","-0,34%"
187,2022-05-12,4619.0,"4.589,5","4.649,0","4.575,0","915,57K","0,91%"
188,2022-02-12,4577.5,"4.590,0","4.598,0","4.574,0","320,74K","-0,48%"
189,2022-01-12,4599.5,"4.618,0","4.623,5","4.572,5","323,11K","-0,33%"
190,2022-11-30,4614.5,"4.603,0","4.618,0","4.584,0","335,62K","0,27%"
191,2022-11-29,4602.0,"4.631,0","4.648,0","4.595,0","458,14K","-0,48%"
192,2022-11-28,4624.0,"4.647,0","4.657,0","4.590,0","457,96K","-0,96%"
193,2022-11-25,4669.0,"4.668,0","4.678,5","4.635,0","234,26K","0,11%"
194,2022-11-24,4664.0,"4.680,0","4.707,0","4.653,0","221,07K","-0,32%"
195,2022-11-23,4679.0,"4.628,0","4.719,0","4.610,0","611,65K","1,32%"
196,2022-11-22,4618.0,"4.608,0","4.646,5","4.581,0","325,16K","0,27%"
197,2022-11-21,4605.5,"4.623,0","4.625,0","4.555,0","419,87K","-0,38%"
198,2022-11-18,4623.0,"4.583,0","4.641,0","4.583,0","252,62K","0,04%"
199,2022-11-17,4621.0,"4.662,0","4.666,0","4.602,0","260,76K","-0,87%"
200,2022-11-16,4661.5,"4.596,0","4.670,0","4.576,5","416,94K","2,11%"
201,2022-11-15,4565.0,"4.660,0","4.676,0","4.427,0","858,46K","-2,01%"
202,2022-11-14,4658.5,"4.680,0","4.684,5","4.654,0","370,00K","-0,25%"
203,2022-11-11,4670.0,"4.690,5","4.694,0","4.648,5","368,32K","-0,23%"
204,2022-10-11,4681.0,"4.633,0","4.694,5","4.625,5","484,27K","1,06%"
205,2022-09-11,4632.0,"4.698,0","4.713,0","4.600,0","483,76K","-1,39%"
206,2022-08-11,4697.5,"4.723,5","4.725,0","4.688,0","342,42K","-0,55%"
207,2022-07-11,4723.5,"4.718,0","4.732,0","4.695,0","679,58K","0,78%"
208,2022-03-11,4687.0,"4.670,0","4.687,0","4.620,0","557,49K","0,36%"
209,2022-02-11,4670.0,"4.710,0","4.788,0","4.626,5","999,93K","-0,64%"
210,2022-01-11,4700.0,"4.725,0","4.729,5","4.660,0","343,27K","0,10%"
211,2022-10-31,4695.5,"4.730,0","4.765,0","4.659,0","645,17K","-0,11%"
212,2022-10-28,4700.5,"4.712,0","4.800,0","4.516,0","2,32M","-0,50%"
213,2022-10-27,4724.0,"4.623,5","4.746,5","4.592,0","789,17K","2,40%"
214,2022-10-26,4613.5,"4.574,0","4.624,0","4.512,5","668,60K","0,96%"
215,2022-10-25,4569.5,"4.465,0","4.579,5","4.436,0","651,31K","2,93%"
216,2022-10-24,4439.5,"4.474,0","4.491,0","4.385,5","633,25K","0,15%"
217,2022-10-21,4433.0,"4.399,0","4.462,0","4.350,5","855,20K","1,20%"
218,2022-10-20,4380.5,"4.220,0","4.400,0","4.180,5","1,05M","4,19%"
219,2022-10-19,4204.5,"4.210,5","4.277,0","4.106,5","932,50K","-0,84%"
220,2022-10-18,4240.0,"4.255,0","4.359,0","4.207,0","761,62K","0,65%"
221,2022-10-17,4212.5,"4.150,0","4.220,0","4.113,0","515,66K","1,78%"
222,2022-10-14,4139.0,"4.199,0","4.203,0","4.090,0","485,06K","-1,11%"
223,2022-10-13,4185.5,"4.150,0","4.261,5","4.118,0","636,89K","0,88%"
224,2022-12-10,4149.0,"4.181,0","4.280,0","4.135,0","797,24K","-0,50%"
225,2022-11-10,4170.0,"4.040,0","4.188,0","4.012,5","665,09K","3,35%"
226,2022-10-10,4035.0,"3.778,0","4.069,0","3.757,0","827,97K","4,13%"
227,2022-07-10,3875.0,"4.025,0","4.030,0","3.850,0","577,14K","-4,11%"
228,2022-06-10,4041.0,"4.123,0","4.158,0","4.010,0","473,23K","-1,50%"
229,2022-05-10,4102.5,"4.088,5","4.189,0","4.000,0","827,58K","0,21%"
230,2022-04-10,4094.0,"4.100,0","4.140,0","3.961,5","673,71K","0,42%"
231,2022-03-10,4077.0,"3.971,0","4.092,0","3.912,5","544,91K","2,82%"
232,2022-09-30,3965.0,"3.891,0","4.088,0","3.750,0","851,75K","2,12%"
233,2022-09-29,3882.5,"3.948,0","3.958,0","3.809,0","755,53K","-0,64%"
234,2022-09-28,3907.5,"3.840,0","3.967,0","3.806,5","659,40K","1,10%"
235,2022-09-27,3865.0,"3.800,0","3.924,0","3.715,0","819,06K","4,23%"
236,2022-09-26,3708.0,"3.856,0","3.882,0","3.605,5","1,48M","-6,09%"
237,2022-09-23,3948.5,"4.014,0","4.037,0","3.875,0","952,67K","-1,56%"
238,2022-09-22,4011.0,"3.955,0","4.095,5","3.951,5","730,07K","1,42%"
239,2022-09-21,3955.0,"3.622,5","4.044,0","3.622,5","1,49M","-2,47%"
240,2022-09-20,4055.0,"4.478,0","4.494,0","3.830,0","2,62M","-9,81%"
241,2022-09-19,4496.0,"4.524,5","4.548,0","4.445,0","350,56K","-0,51%"
242,2022-09-16,4519.0,"4.539,0","4.580,0","4.475,0","477,75K","-0,24%"
243,2022-09-15,4530.0,"4.471,0","4.558,0","4.436,0","603,94K","1,30%"
244,2022-09-14,4472.0,"4.531,0","4.548,0","4.403,5","795,17K","-1,55%"
245,2022-09-13,4542.5,"4.570,0","4.588,5","4.510,0","411,14K","-0,38%"
246,2022-12-09,4560.0,"4.460,0","4.591,5","4.426,5","620,07K","2,01%"
247,2022-09-09,4470.0,"4.437,0","4.500,0","4.401,5","515,38K","1,36%"
248,2022-08-09,4410.0,"4.400,0","4.432,5","4.376,0","426,72K","-0,23%"
249,2022-07-09,4420.0,"4.545,0","4.545,0","4.420,0","805,98K","-2,75%"
250,2022-06-09,4545.0,"4.660,0","4.666,5","4.410,5","1,09M","-2,43%"
251,2022-05-09,4658.0,"4.619,5","4.690,0","4.483,0","1,13M","1,37%"
252,2022-02-09,4595.0,"4.660,0","4.714,5","4.556,0","1,76M","-2,69%"
253,2022-01-09,4722.0,"4.250,0","4.773,0","4.221,0","2,45M","10,59%"
254,2022-08-31,4270.0,"4.300,0","4.300,0","4.161,5","1,29M","3,14%"
255,2022-08-30,4140.0,"4.198,0","4.220,0","4.120,0","492,81K","-1,10%"
256,2022-08-29,4186.0,"4.114,0","4.207,0","4.088,5","452,00K","1,73%"
257,2022-08-26,4115.0,"4.056,0","4.115,0","4.046,5","280,37K","1,48%"
258,2022-08-25,4055.0,"4.125,0","4.143,5","4.047,0","402,47K","-1,51%"
259,2022-08-24,4117.0,"4.103,0","4.128,0","4.066,0","306,25K","0,46%"
260,2022-08-23,4098.0,"4.022,0","4.099,0","4.016,0","400,48K","2,02%"
261,2022-08-22,4017.0,"3.968,0","4.028,5","3.944,5","396,28K","1,13%"
262,2022-08-19,3972.0,"3.945,0","3.974,0","3.894,0","380,08K","1,33%"
263,2022-08-18,3920.0,"3.906,5","3.942,0","3.878,0","321,62K","0,33%"
264,2022-08-17,3907.0,"4.020,0","4.044,0","3.907,0","504,38K","-2,76%"
265,2022-08-16,4018.0,"3.977,0","4.025,0","3.936,0","431,90K","1,49%"
266,2022-08-15,3959.0,"3.945,0","4.005,0","3.904,5","344,90K","0,47%"
267,2022-12-08,3940.5,"3.935,0","3.979,0","3.901,0","399,40K","0,39%"
268,2022-11-08,3925.0,"3.899,0","3.963,0","3.875,0","500,97K","0,90%"
269,2022-10-08,3890.0,"3.895,0","3.910,0","3.825,0","452,73K","-0,13%"
270,2022-09-08,3895.0,"3.720,0","3.895,0","3.701,5","456,81K","4,70%"
271,2022-08-08,3720.0,"3.779,0","3.819,0","3.720,0","356,66K","1,10%"
272,2022-05-08,3679.5,"3.720,0","3.746,0","3.659,5","379,69K","-1,09%"
273,2022-04-08,3720.0,"3.800,0","3.816,0","3.712,0","374,53K","-2,08%"
274,2022-03-08,3799.0,"3.823,0","3.855,0","3.784,0","398,60K","-0,63%"
275,2022-02-08,3823.0,"3.930,5","3.965,5","3.795,0","585,71K","-2,75%"
276,2022-01-08,3931.0,"3.883,0","4.030,0","3.825,5","1,01M","1,39%"
277,2022-07-29,3877.0,"3.830,0","3.880,0","3.809,5","275,99K","1,20%"
278,2022-07-28,3831.0,"3.870,0","3.885,0","3.770,0","423,00K","-0,43%"
279,2022-07-27,3847.5,"3.850,0","3.878,0","3.810,0","488,73K","0,59%"
280,2022-07-26,3825.0,"3.694,0","3.825,0","3.675,5","544,41K","4,25%"
281,2022-07-25,3669.0,"3.672,0","3.709,5","3.637,0","369,72K","-0,52%"
282,2022-07-22,3688.0,"3.552,0","3.688,0","3.551,0","575,22K","4,20%"
283,2022-07-21,3539.5,"3.577,0","3.577,5","3.482,5","485,94K","-1,13%"
284,2022-07-20,3580.0,"3.601,0","3.664,0","3.556,5","350,25K","-0,56%"
285,2022-07-19,3600.0,"3.645,0","3.654,5","3.567,0","306,82K","-1,23%"
286,2022-07-18,3645.0,"3.721,0","3.777,0","3.613,0","386,00K","-1,73%"
287,2022-07-15,3709.0,"3.643,5","3.710,0","3.580,0","461,64K","2,80%"
288,2022-07-14,3608.0,"3.645,5","3.710,0","3.551,0","610,14K","-1,03%"
289,2022-07-13,3645.5,"3.757,0","3.767,0","3.619,0","585,48K","-2,84%"
290,2022-12-07,3752.0,"3.830,0","3.846,0","3.713,0","502,25K","-2,51%"
291,2022-11-07,3848.5,"3.900,0","3.920,0","3.802,5","539,59K","-1,60%"
292,2022-08-07,3911.0,"3.959,5","3.980,0","3.902,5","359,49K","-1,14%"
293,2022-07-07,3956.0,"3.963,0","4.010,0","3.940,0","339,57K","-0,15%"
294,2022-06-07,3962.0,"4.000,0","4.150,0","3.945,0","603,62K","-1,32%"
295,2022-05-07,4015.0,"3.950,5","4.048,0","3.905,0","442,66K","1,66%"
296,2022-04-07,3949.5,"3.946,0","4.095,0","3.944,0","421,08K","0,14%"
297,2022-01-07,3944.0,"3.915,0","4.002,5","3.876,0","504,47K","1,00%"
298,2022-06-30,3905.0,"4.000,0","4.056,5","3.865,0","751,50K","-2,74%"
299,2022-06-29,4015.0,"3.980,0","4.078,0","3.920,5","442,80K","0,64%"
300,2022-06-28,3989.5,"4.109,5","4.109,5","3.983,0","394,21K","-2,70%"
301,2022-06-27,4100.0,"4.100,0","4.120,0","4.056,0","223,54K","0,00%"
302,2022-06-24,4100.0,"4.149,0","4.160,0","4.044,5","314,43K","-1,20%"
303,2022-06-23,4150.0,"4.140,5","4.207,0","4.076,5","657,19K","0,27%"
304,2022-06-22,4139.0,"3.990,0","4.179,5","3.932,5","745,92K","2,32%"
305,2022-06-21,4045.0,"4.239,0","4.279,5","4.031,5","590,55K","-3,91%"
306,2022-06-20,4209.5,"4.202,0","4.245,0","4.128,0","461,01K","0,66%"
307,2022-06-17,4182.0,"4.289,5","4.326,0","4.137,0","499,05K","-1,87%"
308,2022-06-16,4261.5,"4.116,5","4.300,0","4.105,0","1,09M","3,56%"
309,2022-06-15,4115.0,"3.880,0","4.125,0","3.880,0","725,31K","5,74%"
310,2022-06-14,3891.5,"3.881,0","3.927,5","3.846,0","299,31K","-0,17%"
311,2022-10-06,3898.0,"3.865,0","3.903,0","3.830,0","362,44K","0,57%"
312,2022-09-06,3876.0,"3.954,0","3.956,5","3.865,0","289,29K","-1,76%"
313,2022-08-06,3945.5,"3.968,0","4.050,0","3.864,0","437,13K","-0,35%"
314,2022-07-06,3959.5,"3.940,0","3.970,0","3.816,0","457,70K","0,49%"
315,2022-06-06,3940.0,"3.985,0","4.028,0","3.927,0","291,27K","-1,02%"
316,2022-03-06,3980.5,"4.040,0","4.070,0","3.930,0","339,61K","-1,35%"
317,2022-02-06,4035.0,"4.078,0","4.085,5","3.993,0","314,25K","-0,96%"
318,2022-01-06,4074.0,"4.050,0","4.125,0","4.003,0","373,12K","0,31%"
319,2022-05-31,4061.5,"4.180,0","4.199,0","4.043,0","305,24K","-3,76%"
320,2022-05-30,4220.0,"4.351,0","4.380,0","4.100,0","415,92K","-1,63%"
321,2022-05-27,4290.0,"4.285,0","4.359,5","4.255,0","475,10K","0,63%"
322,2022-05-26,4263.0,"4.160,0","4.298,5","4.085,0","488,50K","2,77%"
323,2022-05-25,4148.0,"3.999,0","4.148,0","3.975,0","339,34K","5,23%"
324,2022-05-24,3942.0,"4.050,0","4.062,5","3.882,0","501,95K","-2,67%"
325,2022-05-23,4050.0,"4.305,0","4.350,0","4.031,0","332,96K","-5,35%"
326,2022-05-20,4279.0,"4.419,0","4.449,0","4.258,0","304,80K","-3,09%"
327,2022-05-19,4415.5,"4.483,5","4.509,5","4.381,5","229,82K","-1,52%"
328,2022-05-18,4483.5,"4.520,0","4.565,0","4.480,0","273,96K","-0,37%"
329,2022-05-17,4500.0,"4.543,0","4.589,0","4.400,0","388,54K","-0,52%"
330,2022-05-16,4523.5,"4.380,0","4.669,5","4.380,0","1,14M","3,28%"
331,2022-05-13,4380.0,"4.400,0","4.439,0","4.300,0","272,07K","0,40%"
332,2022-12-05,4362.5,"4.550,0","4.581,0","4.325,5","525,90K","-5,16%"
333,2022-11-05,4600.0,"4.640,0","4.699,0","4.539,0","242,22K","-0,77%"
334,2022-06-05,4635.5,"4.689,0","4.690,0","4.568,0","376,03K","-0,84%"
335,2022-05-05,4675.0,"4.602,0","4.689,5","4.600,5","230,33K","2,70%"
336,2022-04-05,4552.0,"4.747,0","4.772,5","4.526,0","443,42K","-3,14%"
337,2022-04-29,4699.5,"4.410,0","4.717,0","4.380,0","865,62K","7,27%"
338,2022-04-28,4381.0,"4.551,0","4.740,0","4.318,0","923,46K","-3,71%"
339,2022-04-27,4550.0,"4.325,0","4.559,0","4.276,0","783,96K","6,01%"
340,2022-04-26,4292.0,"3.970,5","4.587,5","3.960,5","1,35M","9,18%"
341,2022-04-25,3931.0,"3.828,0","3.994,0","3.710,5","560,39K","2,69%"
342,2022-04-22,3828.0,"3.974,0","4.044,0","3.682,0","1,65M","-3,67%"
343,2022-04-21,3974.0,"4.331,5","4.340,0","3.910,0","1,22M","-7,80%"
344,2022-04-20,4310.0,"4.498,5","4.536,0","4.215,5","726,09K","-3,90%"
345,2022-04-19,4485.0,"4.592,0","4.592,0","4.108,0","708,76K","-1,41%"
346,2022-04-18,4549.0,"4.913,0","4.948,0","4.524,0","407,46K","-7,03%"
347,2022-04-15,4893.0,"4.879,0","4.956,0","4.800,0","151,32K","0,28%"
348,2022-04-14,4879.5,"5.115,5","5.120,0","4.862,0","199,12K","-4,44%"
349,2022-04-13,5106.0,"5.179,5","5.209,0","5.056,0","160,93K","-0,76%"
350,2022-12-04,5145.0,"5.200,0","5.250,0","5.026,0","219,89K","-0,87%"
351,2022-11-04,5190.0,"5.225,0","5.385,0","5.184,0","144,62K","-0,70%"
352,2022-08-04,5226.5,"5.299,5","5.319,5","5.087,0","199,67K","-1,01%"
353,2022-07-04,5280.0,"5.260,0","5.356,0","5.240,0","264,68K","0,27%"
354,2022-06-04,5266.0,"5.314,0","5.514,0","5.224,5","195,34K","-0,90%"
355,2022-05-04,5314.0,"5.574,0","5.590,0","5.220,0","245,01K","-4,37%"
356,2022-04-04,5557.0,"5.698,0","5.750,0","5.395,0","304,18K","-0,79%"
357,2022-01-04,5601.0,"5.660,0","5.868,0","5.450,0","385,73K","-1,39%"
358,2022-03-31,5680.0,"5.120,0","5.680,0","5.100,0","469,08K","10,51%"
359,2022-03-30,5140.0,"5.050,0","5.140,0","5.000,0","287,53K","4,43%"
360,2022-03-29,4922.0,"5.118,0","5.350,0","4.800,0","642,27K","-3,83%"
361,2022-03-28,5118.0,"5.200,0","5.200,0","4.915,0","228,86K","-1,69%"
362,2022-03-25,5206.0,"5.600,0","5.761,0","5.022,0","875,18K","-5,77%"
363,2022-03-24,5525.0,"5.302,5","5.993,0","5.300,0","1,20M","12,41%"
364,2022-02-25,4915.0,"4.400,0","5.360,0","4.400,0","2,01M","5,70%"
365,2022-02-24,4650.0,"5.410,5","5.410,5","3.019,5","4,69M","-22,76%"
366,2022-02-22,6020.0,"5.805,0","6.050,0","5.479,0","5,90M","3,61%"
367,2022-02-21,5810.0,"6.480,0","6.649,0","5.609,5","4,54M","-10,01%"
368,2022-02-18,6456.5,"6.739,0","6.832,0","6.415,0","1,70M","-4,11%"
369,2022-02-17,6733.0,"6.956,5","6.968,0","6.650,0","1,74M","-3,40%"
370,2022-02-16,6970.0,"7.028,0","7.068,0","6.902,5","1,18M","-0,13%"
371,2022-02-15,6979.0,"6.840,0","7.077,5","6.783,0","1,78M","2,69%"
372,2022-02-14,6796.0,"6.684,0","6.885,0","6.524,5","1,95M","1,32%"
373,2022-11-02,6707.5,"6.960,0","7.000,0","6.624,5","1,89M","-3,97%"
374,2022-10-02,6984.5,"6.970,0","7.084,0","6.894,0","1,38M","0,16%"
375,2022-09-02,6973.5,"6.966,5","7.009,0","6.900,0","1,55M","0,23%"
376,2022-08-02,6957.5,"6.985,0","7.044,0","6.938,0","931,31K","-0,44%"
377,2022-07-02,6988.0,"7.047,0","7.060,0","6.825,5","977,37K","-0,31%"
378,2022-04-02,7010.0,"6.897,0","7.110,0","6.892,0","1,75M","2,10%"
379,2022-03-02,6865.5,"7.026,5","7.030,0","6.794,5","1,32M","-2,48%"
380,2022-02-02,7040.0,"6.975,0","7.050,0","6.936,0","983,00K","0,92%"
381,2022-01-02,6976.0,"6.884,0","7.013,5","6.826,0","1,23M","1,42%"
382,2022-01-31,6878.0,"6.810,0","6.910,0","6.780,0","1,30M","1,52%"
383,2022-01-28,6775.0,"6.784,0","6.945,0","6.755,0","1,58M","-0,54%"
384,2022-01-27,6811.5,"6.498,0","6.900,0","6.432,0","2,12M","4,38%"
385,2022-01-26,6525.5,"6.542,0","6.690,0","6.405,0","2,23M","-0,27%"
386,2022-01-25,6543.0,"6.270,0","6.562,5","6.177,5","2,08M","3,97%"
387,2022-01-24,6293.0,"6.445,0","6.479,0","6.078,0","2,94M","-1,98%"
388,2022-01-21,6420.0,"6.400,0","6.514,0","6.310,0","1,94M","-0,16%"
389,2022-01-20,6430.0,"6.549,0","6.683,0","6.324,0","2,24M","-0,99%"
390,2022-01-19,6494.0,"6.250,0","6.670,0","6.020,0","3,24M","3,90%"
391,2022-01-18,6250.0,"6.548,0","6.587,0","6.132,0","3,68M","-4,08%"
392,2022-01-17,6516.0,"6.668,0","6.734,0","6.445,0","1,58M","-2,15%"
393,2022-01-14,6659.0,"6.699,0","6.791,0","6.469,0","2,08M","-0,09%"
394,2022-01-13,6665.0,"6.927,0","6.951,5","6.610,0","1,77M","-4,24%"
395,2022-12-01,6960.0,"6.814,5","6.969,0","6.770,0","1,27M","2,11%"
396,2022-11-01,6816.0,"6.799,0","6.850,0","6.732,5","926,30K","0,61%"
397,2022-10-01,6775.0,"6.730,0","6.880,0","6.650,5","1,24M","1,13%"
398,2022-06-01,6699.0,"6.530,0","6.706,0","6.459,0","906,40K","2,71%"
399,2022-05-01,6522.0,"6.715,5","6.755,0","6.501,0","972,89K","-3,06%"
400,2022-04-01,6728.0,"6.688,0","6.741,0","6.627,0","551,24K","0,67%"
401,2022-03-01,6683.0,"6.592,0","6.705,5","6.586,0","610,92K","1,67%"
402,2021-12-30,6573.0,"6.516,5","6.597,0","6.480,0","768,28K","0,87%"
403,2021-12-29,6516.0,"6.488,0","6.525,0","6.421,0","842,31K","0,59%"
404,2021-12-28,6478.0,"6.395,0","6.559,5","6.377,0","994,80K","1,26%"
405,2021-12-27,6397.5,"6.321,5","6.398,5","6.315,0","515,60K","1,33%"
406,2021-12-24,6313.5,"6.300,0","6.328,0","6.220,5","385,83K","0,14%"
407,2021-12-23,6304.5,"6.359,0","6.380,0","6.285,0","665,46K","-0,71%"
408,2021-12-22,6349.5,"6.368,5","6.393,5","6.319,5","838,94K","0,02%"
409,2021-12-21,6348.5,"6.350,0","6.428,0","6.285,0","1,12M","0,32%"
410,2021-12-20,6328.5,"6.344,0","6.368,0","6.237,0","1,73M","-5,12%"
411,2021-12-17,6670.0,"6.737,5","6.765,0","6.603,5","2,01M","-0,88%"
412,2021-12-16,6729.0,"6.604,5","6.779,0","6.595,0","1,75M","2,03%"
413,2021-12-15,6595.0,"6.591,0","6.625,0","6.447,0","1,12M","0,05%"
414,2021-12-14,6592.0,"6.399,5","6.628,0","5.912,5","2,09M","3,39%"
415,2021-12-13,6376.0,"6.630,0","6.700,0","6.352,0","1,54M","-3,68%"
416,2021-10-12,6619.5,"6.624,5","6.673,0","6.568,5","675,35K","0,01%"
417,2021-09-12,6619.0,"6.594,0","6.636,0","6.501,5","1,23M","0,68%"
418,2021-08-12,6574.5,"6.721,0","6.784,5","6.510,0","2,08M","-2,17%"
419,2021-07-12,6720.5,"6.664,0","6.766,5","6.645,0","2,17M","1,06%"
420,2021-06-12,6650.0,"6.690,0","6.740,0","6.500,0","1,17M","0,16%"
421,2021-03-12,6639.5,"6.751,0","6.770,0","6.571,5","843,40K","-1,37%"
422,2021-02-12,6732.0,"6.611,0","6.768,0","6.558,0","1,46M","2,36%"
423,2021-01-12,6576.5,"6.600,0","6.740,5","6.543,0","1,74M","0,97%"
424,2021-11-30,6513.0,"6.502,0","6.688,5","6.418,5","2,73M","-1,56%"
425,2021-11-29,6616.0,"6.510,0","6.713,0","6.480,0","1,81M","3,80%"
426,2021-11-26,6374.0,"6.462,0","6.516,5","6.335,5","2,18M","-4,32%"
427,2021-11-25,6661.5,"6.814,5","6.890,5","6.655,0","1,08M","-2,25%"
428,2021-11-24,6814.5,"6.850,5","6.891,0","6.686,5","1,37M","-0,22%"
429,2021-11-23,6829.5,"6.551,0","6.837,0","6.490,0","1,59M","3,86%"
430,2021-11-22,6575.5,"6.690,0","6.756,5","6.532,0","1,75M","-1,99%"
431,2021-11-19,6709.0,"6.897,0","6.902,5","6.660,0","1,37M","-1,92%"
432,2021-11-18,6840.0,"6.832,0","6.887,0","6.783,5","815,01K","-0,65%"
433,2021-11-17,6884.5,"6.945,0","6.950,0","6.840,0","1,15M","-0,89%"
434,2021-11-16,6946.5,"6.956,0","7.006,0","6.905,0","847,55K","0,40%"
435,2021-11-15,6918.5,"6.852,0","6.979,5","6.815,0","910,01K","0,59%"
436,2021-12-11,6878.0,"7.061,5","7.067,0","6.835,0","1,94M","-3,05%"
437,2021-11-11,7094.5,"7.158,0","7.171,0","6.969,0","1,09M","-0,60%"
438,2021-10-11,7137.5,"7.209,0","7.266,0","7.120,0","656,16K","-0,70%"
439,2021-09-11,7188.0,"7.200,0","7.255,0","7.117,5","792,62K","-0,28%"
440,2021-08-11,7208.5,"7.240,0","7.275,0","7.202,0","511,33K","0,13%"
441,2021-05-11,7199.0,"7.132,0","7.205,0","7.082,0","593,78K","0,33%"
442,2021-03-11,7175.0,"7.190,0","7.202,5","7.125,0","595,46K","-0,54%"
443,2021-02-11,7214.0,"7.304,0","7.394,0","7.193,5","947,12K","-1,08%"
444,2021-01-11,7293.0,"7.265,0","7.327,5","7.242,0","595,25K","0,28%"
445,2021-10-29,7272.5,"7.260,0","7.315,0","7.118,0","1,31M","-0,22%"
446,2021-10-28,7288.5,"7.286,0","7.320,0","7.190,0","1,38M","-0,48%"
447,2021-10-27,7323.5,"7.405,0","7.486,5","7.322,0","747,02K","-1,57%"
448,2021-10-26,7440.5,"7.449,0","7.525,0","7.381,0","1,14M","-0,01%"
449,2021-10-25,7441.5,"7.239,0","7.483,0","7.215,0","1,35M","3,35%"
450,2021-10-22,7200.0,"7.213,0","7.314,5","7.172,0","818,28K","-0,44%"
451,2021-10-21,7232.0,"7.400,0","7.429,0","7.202,5","930,44K","-2,78%"
452,2021-10-20,7439.0,"7.363,0","7.460,0","7.320,0","855,93K","0,90%"
453,2021-10-19,7373.0,"7.336,0","7.373,0","7.240,5","761,34K","0,74%"
454,2021-10-18,7319.0,"7.320,0","7.364,0","7.271,5","712,41K","0,17%"
455,2021-10-15,7306.5,"7.252,0","7.318,0","7.195,0","951,70K","1,27%"
456,2021-10-14,7215.0,"7.285,5","7.319,0","7.172,0","805,59K","-0,51%"
457,2021-10-13,7252.0,"7.333,0","7.333,5","7.070,5","1,26M","-0,74%"
458,2021-12-10,7306.0,"7.210,0","7.332,0","7.192,0","818,74K","0,58%"
459,2021-11-10,7264.0,"7.299,5","7.320,0","7.253,0","741,97K","0,61%"
460,2021-08-10,7220.0,"7.205,0","7.279,0","7.170,5","923,16K","0,77%"
461,2021-07-10,7165.0,"7.132,0","7.189,5","6.984,5","1,28M","0,97%"
462,2021-06-10,7096.0,"7.410,0","7.417,0","7.030,0","1,55M","-3,41%"
463,2021-05-10,7346.5,"7.160,0","7.417,0","7.123,0","1,67M","2,97%"
464,2021-04-10,7134.5,"7.000,0","7.160,5","6.940,5","1,57M","2,10%"
465,2021-01-10,6987.5,"6.866,0","6.990,0","6.835,0","698,38K","1,22%"
466,2021-09-30,6903.5,"7.010,0","7.039,0","6.850,5","1,43M","-1,27%"
467,2021-09-29,6992.0,"6.929,0","7.030,0","6.900,5","1,06M","0,34%"
468,2021-09-28,6968.0,"7.015,0","7.141,5","6.964,0","1,47M","-0,26%"
469,2021-09-27,6986.0,"6.900,0","7.003,0","6.871,0","1,41M","2,36%"
470,2021-09-24,6825.0,"6.800,0","6.859,5","6.740,5","825,32K","0,35%"
471,2021-09-23,6801.0,"6.750,0","6.801,0","6.707,0","968,05K","1,48%"
472,2021-09-22,6702.0,"6.652,5","6.721,5","6.622,0","669,17K","1,47%"
473,2021-09-21,6605.0,"6.579,0","6.660,0","6.557,0","918,00K","0,82%"
474,2021-09-20,6551.0,"6.540,0","6.596,5","6.494,0","869,59K","-0,75%"
475,2021-09-17,6600.5,"6.670,5","6.673,0","6.565,0","1,33M","-0,95%"
476,2021-09-16,6664.0,"6.693,0","6.800,0","6.565,0","1,76M","-0,90%"
477,2021-09-15,6724.5,"6.600,0","6.767,0","6.583,5","1,49M","2,35%"
478,2021-09-14,6570.0,"6.441,0","6.600,0","6.428,5","1,83M","2,33%"
479,2021-09-13,6420.5,"6.321,0","6.423,5","6.308,0","806,70K","1,91%"
480,2021-10-09,6300.0,"6.300,0","6.339,0","6.272,0","749,57K","0,49%"
481,2021-09-09,6269.5,"6.330,0","6.354,5","6.261,0","828,09K","-1,14%"
482,2021-08-09,6341.5,"6.282,0","6.354,0","6.246,5","1,08M","0,98%"
483,2021-07-09,6280.0,"6.335,0","6.338,5","6.268,5","791,77K","-0,71%"
484,2021-06-09,6325.0,"6.327,0","6.372,0","6.314,5","561,61K","-0,08%"
485,2021-03-09,6330.0,"6.364,0","6.366,0","6.301,0","653,65K","-0,32%"
486,2021-02-09,6350.5,"6.330,0","6.408,0","6.278,5","1,13M","0,26%"
487,2021-01-09,6334.0,"6.300,0","6.351,0","6.264,0","1,11M","0,80%"
488,2021-08-31,6283.5,"6.438,0","6.449,0","6.221,0","2,06M","-2,41%"
489,2021-08-30,6439.0,"6.445,0","6.471,5","6.403,5","504,82K","0,15%"
490,2021-08-27,6429.5,"6.373,0","6.443,0","6.325,5","770,49K","1,36%"
491,2021-08-26,6343.5,"6.420,0","6.430,0","6.308,0","610,56K","-1,36%"
492,2021-08-25,6431.0,"6.462,0","6.483,0","6.420,5","407,06K","-0,88%"
493,2021-08-24,6488.0,"6.500,0","6.521,5","6.408,0","634,45K","0,19%"
494,2021-08-23,6475.5,"6.394,0","6.489,0","6.371,0","752,25K","2,15%"
495,2021-08-20,6339.5,"6.315,0","6.348,0","6.262,5","561,42K","0,12%"
496,2021-08-19,6332.0,"6.401,0","6.424,5","6.255,0","1,24M","-1,75%"
497,2021-08-18,6445.0,"6.605,0","6.615,0","6.444,5","757,48K","-1,87%"
498,2021-08-17,6567.5,"6.475,0","6.615,0","6.441,5","1,15M","1,11%"
499,2021-08-16,6495.5,"6.400,0","6.503,0","6.369,5","622,02K","1,03%"
500,2021-08-13,6429.5,"6.490,0","6.512,0","6.406,0","572,57K","-1,15%"
501,2021-12-08,6504.5,"6.450,0","6.530,0","6.431,5","621,42K","0,84%"
502,2021-11-08,6450.0,"6.438,0","6.487,5","6.400,0","918,50K","0,41%"
503,2021-10-08,6423.5,"6.324,5","6.427,5","6.322,0","997,68K","2,12%"
504,2021-09-08,6290.0,"6.198,0","6.310,0","6.110,5","790,81K","0,87%"
505,2021-06-08,6236.0,"6.319,0","6.328,5","6.227,0","727,81K","-1,20%"
506,2021-05-08,6312.0,"6.215,0","6.312,0","6.211,5","578,50K","1,23%"
507,2021-04-08,6235.0,"6.310,0","6.333,5","6.226,0","755,59K","-0,98%"
508,2021-03-08,6297.0,"6.302,0","6.330,0","6.205,5","999,61K","-0,17%"
509,2021-02-08,6308.0,"6.308,5","6.380,0","6.260,0","893,45K","0,14%"
510,2021-07-30,6299.0,"6.395,0","6.402,0","6.266,5","1,13M","-1,82%"
511,2021-07-29,6416.0,"6.445,0","6.455,5","6.382,5","675,05K","0,02%"
512,2021-07-28,6415.0,"6.346,0","6.427,0","6.342,0","687,71K","1,30%"
513,2021-07-27,6332.5,"6.375,0","6.401,5","6.292,0","648,66K","-1,13%"
514,2021-07-26,6405.0,"6.371,0","6.408,0","6.315,0","646,24K","-0,44%"
515,2021-07-23,6433.5,"6.467,5","6.477,5","6.380,5","737,09K","-0,35%"
516,2021-07-22,6456.0,"6.401,5","6.467,0","6.330,5","866,93K","0,99%"
517,2021-07-21,6393.0,"6.291,0","6.408,5","6.265,5","910,01K","1,36%"
518,2021-07-20,6307.5,"6.270,0","6.330,0","6.205,0","1,05M","1,28%"
519,2021-07-19,6228.0,"6.303,5","6.339,0","6.213,5","927,95K","-2,11%"
520,2021-07-16,6362.0,"6.397,0","6.479,5","6.327,5","783,18K","-1,07%"
521,2021-07-15,6430.5,"6.550,0","6.552,0","6.403,0","974,16K","-2,06%"
522,2021-07-14,6566.0,"6.631,0","6.750,0","6.562,0","1,14M","-1,07%"
523,2021-07-13,6637.0,"6.625,0","6.646,0","6.580,0","650,20K","0,39%"
524,2021-12-07,6611.0,"6.650,0","6.650,0","6.573,0","539,90K","-0,66%"
525,2021-09-07,6655.0,"6.668,0","6.717,0","6.618,0","844,39K","-0,43%"
526,2021-08-07,6684.0,"6.740,0","6.750,0","6.597,0","1,03M","-1,45%"
527,2021-07-07,6782.0,"6.825,0","6.904,5","6.732,5","935,13K","-0,69%"
528,2021-06-07,6829.0,"6.870,0","6.939,0","6.824,0","1,54M","-0,23%"
529,2021-05-07,6845.0,"6.878,0","6.878,0","6.767,0","387,18K","-0,06%"
530,2021-02-07,6849.0,"6.827,0","6.920,0","6.810,5","999,68K","-2,30%"
531,2021-01-07,7010.0,"6.770,0","7.013,0","6.762,0","1,49M","3,66%"
532,2021-06-30,6762.5,"6.686,0","6.804,5","6.617,0","1,15M","1,16%"
533,2021-06-29,6685.0,"6.730,5","6.749,0","6.642,5","1,29M","-1,09%"
534,2021-06-28,6759.0,"6.810,0","6.867,0","6.744,0","805,12K","-0,75%"
535,2021-06-25,6810.0,"6.712,0","6.813,0","6.710,5","882,07K","1,26%"
536,2021-06-24,6725.0,"6.632,5","6.759,0","6.620,0","1,48M","1,39%"
537,2021-06-23,6633.0,"6.733,0","6.741,5","6.621,0","1,06M","-1,23%"
538,2021-06-22,6715.5,"6.737,5","6.769,0","6.663,0","1,07M","0,28%"
539,2021-06-21,6697.0,"6.645,0","6.700,0","6.603,0","687,14K","0,66%"
540,2021-06-18,6653.0,"6.640,0","6.710,0","6.606,0","1,87M","-0,25%"
541,2021-06-17,6669.5,"6.570,0","6.746,0","6.560,5","1,68M","1,18%"
542,2021-06-16,6591.5,"6.524,0","6.637,5","6.522,5","1,18M","1,34%"
543,2021-06-15,6504.5,"6.530,0","6.530,0","6.431,0","828,00K","-0,16%"
544,2021-06-14,6515.0,"6.528,0","6.547,5","6.447,0","581,60K","-0,05%"
545,2021-11-06,6518.5,"6.570,0","6.607,5","6.488,0","578,71K","-0,78%"
546,2021-10-06,6570.0,"6.575,5","6.660,5","6.548,0","1,09M","-0,26%"
547,2021-09-06,6587.0,"6.525,0","6.595,5","6.487,0","942,96K","1,27%"
548,2021-08-06,6504.5,"6.530,0","6.564,5","6.400,0","1,37M","-0,77%"
549,2021-07-06,6555.0,"6.489,5","6.590,0","6.460,0","919,19K","0,68%"
550,2021-04-06,6511.0,"6.472,0","6.570,0","6.442,0","1,52M","0,56%"
551,2021-03-06,6474.5,"6.460,0","6.499,0","6.327,0","1,96M","0,72%"
552,2021-02-06,6428.0,"6.222,0","6.430,0","6.215,0","2,24M","3,51%"
553,2021-01-06,6210.0,"6.021,0","6.223,0","6.017,0","2,08M","3,62%"
554,2021-05-31,5993.0,"5.957,0","6.010,5","5.951,0","393,17K","0,64%"
555,2021-05-28,5955.0,"6.012,0","6.030,0","5.936,0","734,31K","-0,62%"
556,2021-05-27,5992.0,"6.000,0","6.012,0","5.915,0","1,61M","-0,41%"
557,2021-05-26,6016.5,"5.923,0","6.019,5","5.918,0","1,17M","1,75%"
558,2021-05-25,5913.0,"5.835,0","5.975,5","5.823,0","1,09M","1,63%"
559,2021-05-24,5818.0,"5.831,5","5.859,5","5.774,0","572,35K","0,30%"
560,2021-05-21,5800.5,"5.719,0","5.852,0","5.697,0","1,12M","1,57%"
561,2021-05-20,5711.0,"5.855,0","5.863,5","5.681,0","1,35M","-2,58%"
562,2021-05-19,5862.5,"5.969,0","5.978,0","5.767,5","1,73M","-2,19%"
563,2021-05-18,5994.0,"6.000,0","6.043,0","5.962,5","1,81M","0,30%"
564,2021-05-17,5976.0,"6.020,0","6.026,0","5.868,5","1,72M","-1,22%"
565,2021-05-14,6050.0,"6.052,5","6.077,0","6.002,0","506,01K","0,17%"
566,2021-05-13,6040.0,"6.100,0","6.127,0","5.999,5","1,17M","-1,29%"
567,2021-12-05,6119.0,"6.028,0","6.205,0","6.003,5","1,43M","1,63%"
568,2021-11-05,6021.0,"6.093,5","6.093,5","5.948,0","1,25M","-1,59%"
569,2021-10-05,6118.0,"6.097,0","6.203,0","6.093,0","1,04M","0,49%"
570,2021-07-05,6088.0,"6.104,0","6.122,5","6.042,5","726,51K","0,02%"
571,2021-06-05,6087.0,"6.122,0","6.185,0","6.061,0","1,02M","-0,57%"
572,2021-05-05,6122.0,"6.010,0","6.156,0","5.985,5","1,34M","2,19%"
573,2021-04-05,5991.0,"5.824,0","5.999,0","5.815,0","1,37M","3,20%"
574,2021-04-30,5805.0,"5.917,5","5.945,0","5.760,0","1,38M","-2,04%"
575,2021-04-29,5926.0,"5.931,0","5.945,0","5.875,0","1,02M","0,42%"
576,2021-04-28,5901.0,"5.906,0","5.945,0","5.844,0","891,58K","-0,04%"
577,2021-04-27,5903.5,"5.917,0","5.966,5","5.870,5","763,49K","-0,26%"
578,2021-04-26,5919.0,"5.952,0","5.971,0","5.892,5","841,03K","-0,52%"
579,2021-04-23,5950.0,"6.020,0","6.027,5","5.931,0","855,97K","-0,82%"
580,2021-04-22,5999.0,"5.945,0","6.057,0","5.886,5","1,31M","0,89%"
581,2021-04-21,5946.0,"5.882,0","5.966,5","5.876,5","850,75K","0,83%"
582,2021-04-20,5897.0,"6.021,5","6.061,0","5.840,0","1,45M","-1,83%"
583,2021-04-19,6007.0,"6.059,0","6.087,0","5.986,0","555,68K","-0,97%"
584,2021-04-16,6066.0,"6.089,0","6.104,0","6.025,0","761,54K","0,19%"
585,2021-04-15,6054.5,"6.088,5","6.118,5","6.017,0","1,19M","-1,30%"
586,2021-04-14,6134.0,"6.080,0","6.168,5","5.975,0","1,34M","1,48%"
587,2021-04-13,6044.5,"6.003,5","6.055,0","5.946,5","752,39K","0,41%"
588,2021-12-04,6020.0,"5.900,0","6.037,0","5.886,5","1,27M","1,47%"
589,2021-09-04,5933.0,"6.001,0","6.006,0","5.867,0","1,15M","-1,26%"
590,2021-08-04,6008.5,"5.990,0","6.068,0","5.945,0","768,59K","0,51%"
591,2021-07-04,5978.0,"5.893,5","6.001,0","5.842,0","1,42M","1,48%"
592,2021-06-04,5891.0,"6.008,0","6.024,0","5.871,5","1,17M","-1,66%"
593,2021-05-04,5990.5,"6.095,0","6.095,0","5.951,0","856,54K","-1,93%"
594,2021-02-04,6108.5,"6.120,5","6.137,0","6.076,5","236,12K","-0,06%"
595,2021-01-04,6112.0,"6.152,5","6.189,0","6.015,0","1,14M","0,01%"
596,2021-03-31,6111.5,"6.172,5","6.188,0","6.097,5","833,98K","-0,71%"
597,2021-03-30,6155.0,"6.268,0","6.316,5","6.125,5","945,19K","-1,64%"
598,2021-03-29,6257.5,"6.233,0","6.278,0","6.174,0","818,55K","-0,41%"
599,2021-03-26,6283.0,"6.200,0","6.289,0","6.194,0","1,20M","1,63%"
600,2021-03-25,6182.0,"6.155,0","6.195,5","6.056,0","1,16M","0,32%"
601,2021-03-24,6162.5,"5.999,5","6.231,0","5.976,0","1,53M","3,38%"
602,2021-03-23,5961.0,"6.088,0","6.098,0","5.951,0","1,73M","-2,57%"
603,2021-03-22,6118.0,"6.063,0","6.167,0","5.980,0","1,22M","0,66%"
604,2021-03-19,6078.0,"6.073,0","6.149,0","5.960,0","2,91M","-0,08%"
605,2021-03-18,6083.0,"6.369,0","6.373,5","6.059,0","2,14M","-4,40%"
606,2021-03-17,6363.0,"6.450,0","6.475,0","6.294,0","1,61M","-1,27%"
607,2021-03-16,6445.0,"6.451,0","6.470,5","6.314,0","1,91M","-0,42%"
608,2021-03-15,6472.5,"6.381,0","6.480,0","6.360,0","1,70M","1,83%"
609,2021-12-03,6356.0,"6.310,5","6.377,0","6.267,0","950,68K","0,27%"
610,2021-11-03,6339.0,"6.150,0","6.339,0","6.109,5","1,53M","3,45%"
611,2021-10-03,6127.5,"6.276,0","6.300,5","6.084,0","1,64M","-2,82%"
612,2021-09-03,6305.0,"6.200,0","6.405,0","6.167,0","1,98M","1,11%"
613,2021-05-03,6236.0,"5.852,0","6.245,0","5.852,0","3,84M","7,41%"
614,2021-04-03,5806.0,"5.719,0","5.955,0","5.690,0","1,94M","1,84%"
615,2021-03-03,5701.0,"5.682,0","5.747,5","5.631,5","889,04K","0,93%"
616,2021-02-03,5648.5,"5.610,0","5.676,0","5.592,0","771,44K","0,26%"
617,2021-01-03,5634.0,"5.623,0","5.660,0","5.590,5","1,04M","1,05%"
618,2021-02-26,5575.5,"5.707,0","5.794,5","5.545,0","2,51M","-2,87%"
619,2021-02-25,5740.5,"5.804,5","5.888,0","5.731,0","1,65M","-0,83%"
620,2021-02-24,5788.5,"5.751,0","5.791,0","5.676,5","1,14M","0,04%"
621,2021-02-22,5786.0,"5.650,5","5.797,0","5.592,0","1,19M","2,72%"
622,2021-02-20,5633.0,"5.657,0","5.659,0","5.602,5","123,12K","-0,41%"
623,2021-02-19,5656.0,"5.576,0","5.697,0","5.561,0","1,24M","0,73%"
624,2021-02-18,5615.0,"5.761,0","5.784,0","5.588,5","1,26M","-2,66%"
625,2021-02-17,5768.5,"5.865,0","5.876,5","5.682,0","1,29M","-1,70%"
626,2021-02-16,5868.5,"5.918,0","5.930,0","5.805,5","933,84K","-0,69%"
627,2021-02-15,5909.5,"5.820,0","5.910,0","5.772,0","1,14M","2,67%"
628,2021-12-02,5756.0,"5.624,5","5.756,5","5.501,0","1,27M","2,03%"
629,2021-11-02,5641.5,"5.581,0","5.690,0","5.546,0","706,00K","0,84%"
630,2021-10-02,5594.5,"5.699,5","5.712,5","5.560,0","1,34M","-1,76%"
631,2021-09-02,5695.0,"5.780,5","5.796,0","5.654,0","1,05M","-1,09%"
632,2021-08-02,5758.0,"5.750,0","5.797,5","5.698,0","963,99K","0,75%"
633,2021-05-02,5715.0,"5.742,0","5.770,5","5.644,0","1,13M","0,27%"
634,2021-04-02,5699.5,"5.565,0","5.728,5","5.529,0","2,27M","2,60%"
635,2021-03-02,5555.0,"5.554,0","5.642,0","5.491,5","1,80M","0,71%"
636,2021-02-02,5516.0,"5.427,5","5.577,0","5.407,5","2,45M","2,03%"
637,2021-01-02,5406.0,"5.420,0","5.426,0","5.296,5","2,11M","0,54%"
638,2021-01-29,5377.0,"5.552,0","5.561,5","5.365,5","2,02M","-3,55%"
639,2021-01-28,5575.0,"5.467,0","5.617,0","5.442,5","1,69M","1,37%"
640,2021-01-27,5499.5,"5.619,5","5.631,0","5.484,0","1,73M","-1,72%"
641,2021-01-26,5595.5,"5.681,0","5.703,5","5.553,0","1,62M","-2,21%"
642,2021-01-25,5722.0,"5.755,0","5.797,5","5.675,0","1,32M","-0,32%"
643,2021-01-22,5740.5,"5.701,0","5.787,0","5.626,0","1,64M","-0,53%"
644,2021-01-21,5771.0,"5.884,5","5.921,5","5.710,0","1,83M","-1,59%"
645,2021-01-20,5864.0,"5.907,0","5.962,0","5.843,0","966,47K","-0,48%"
646,2021-01-19,5892.0,"5.913,0","5.968,0","5.854,0","1,24M","0,32%"
647,2021-01-18,5873.0,"5.865,0","5.902,0","5.802,5","1,31M","-0,26%"
648,2021-01-15,5888.5,"5.882,5","5.995,0","5.852,0","1,92M","-0,82%"
649,2021-01-14,5937.0,"5.750,0","5.957,5","5.715,0","2,11M","3,16%"
650,2021-01-13,5755.0,"5.750,0","5.827,0","5.706,0","2,05M","0,59%"
651,2021-12-01,5721.0,"5.616,0","5.724,5","5.615,0","1,75M","2,18%"
652,2021-11-01,5599.0,"5.510,0","5.639,0","5.451,0","2,05M","0,76%"
653,2021-08-01,5556.5,"5.450,0","5.557,5","5.425,0","2,07M","3,35%"
654,2021-06-01,5376.5,"5.375,0","5.401,0","5.304,0","1,39M","0,34%"
655,2021-05-01,5358.5,"5.214,5","5.359,0","5.180,0","1,18M","2,80%"
656,2021-04-01,5212.5,"5.238,5","5.274,5","5.186,5","778,34K","0,83%"
657,2020-12-30,5169.5,"5.149,5","5.204,0","5.146,0","790,05K","0,52%"
658,2020-12-29,5143.0,"5.115,5","5.170,0","5.114,0","661,21K","0,81%"
659,2020-12-28,5101.5,"5.114,0","5.175,5","5.101,0","688,23K","-0,09%"
660,2020-12-25,5106.0,"5.114,5","5.114,5","5.087,5","134,72K","0,01%"
661,2020-12-24,5105.5,"5.128,5","5.148,0","5.082,5","434,56K","-0,03%"
662,2020-12-23,5107.0,"5.070,0","5.130,0","5.047,5","659,20K","0,67%"
663,2020-12-22,5073.0,"5.040,5","5.138,0","5.040,5","1,16M","-0,44%"
664,2020-12-21,5095.5,"5.061,5","5.115,0","4.938,5","2,46M","-0,87%"
665,2020-12-18,5140.0,"5.173,0","5.176,5","5.075,0","2,73M","-0,93%"
666,2020-12-17,5188.0,"5.180,0","5.244,5","5.104,0","2,02M","0,27%"
667,2020-12-16,5174.0,"5.299,5","5.307,0","5.105,0","2,29M","-2,33%"
668,2020-12-15,5297.5,"5.306,5","5.399,5","5.220,0","1,49M","-0,52%"
669,2020-12-14,5325.0,"5.420,0","5.494,0","5.262,0","2,11M","-1,02%"
670,2020-11-12,5380.0,"5.298,5","5.420,0","5.275,0","2,28M","1,76%"
671,2020-10-12,5287.0,"5.006,5","5.338,0","5.005,5","2,58M","5,26%"
672,2020-09-12,5023.0,"5.004,0","5.128,0","4.980,0","1,55M","0,58%"
673,2020-08-12,4994.0,"5.015,5","5.059,0","4.953,0","1,27M","-0,90%"
674,2020-07-12,5039.5,"5.103,5","5.143,0","5.035,5","1,19M","-1,61%"
675,2020-04-12,5122.0,"5.122,0","5.195,0","5.090,5","1,51M","1,37%"
676,2020-03-12,5053.0,"5.172,0","5.184,5","4.988,0","2,01M","-2,21%"
677,2020-02-12,5167.0,"5.034,0","5.199,0","5.024,0","1,54M","2,14%"
678,2020-01-12,5058.5,"5.072,0","5.121,0","5.022,0","1,51M","-0,09%"
679,2020-11-30,5063.0,"5.200,0","5.250,0","4.982,0","3,72M","-3,75%"
680,2020-11-27,5260.0,"5.230,0","5.269,5","5.164,5","1,65M","0,32%"
681,2020-11-26,5243.0,"5.396,0","5.400,0","5.236,0","1,83M","-2,77%"
682,2020-11-25,5392.5,"5.192,0","5.395,0","5.141,5","3,14M","4,11%"
683,2020-11-24,5179.5,"5.056,0","5.179,5","5.050,0","2,12M","3,04%"
684,2020-11-23,5026.5,"4.962,0","5.046,5","4.945,5","1,81M","1,58%"
685,2020-11-20,4948.5,"4.915,0","4.952,0","4.877,5","767,36K","0,66%"
686,2020-11-19,4916.0,"4.880,0","4.937,0","4.850,0","1,21M","0,53%"
687,2020-11-18,4890.0,"4.841,0","4.972,0","4.818,0","1,37M","0,53%"
688,2020-11-17,4864.0,"4.943,0","4.954,0","4.796,5","1,51M","-1,39%"
689,2020-11-16,4932.5,"4.901,0","4.949,5","4.861,0","1,40M","1,10%"
690,2020-11-13,4879.0,"4.830,0","4.900,0","4.795,0","947,19K","0,54%"
691,2020-12-11,4853.0,"4.900,0","4.939,5","4.821,5","1,87M","-1,86%"
692,2020-11-11,4945.0,"4.920,5","4.996,0","4.916,5","2,67M","1,24%"
693,2020-10-11,4884.5,"4.750,0","4.950,0","4.702,0","3,27M","2,72%"
694,2020-09-11,4755.0,"4.455,0","4.820,0","4.420,0","4,57M","8,17%"
695,2020-06-11,4396.0,"4.306,0","4.418,5","4.272,0","1,37M","1,72%"
696,2020-05-11,4321.5,"4.300,5","4.379,0","4.279,5","1,40M","1,63%"
697,2020-03-11,4252.0,"4.160,0","4.269,5","4.160,0","1,53M","2,16%"
698,2020-02-11,4162.0,"4.020,0","4.165,0","3.992,0","1,70M","2,77%"
699,2020-10-30,4050.0,"4.001,0","4.089,0","3.970,0","1,23M","-0,18%"
700,2020-10-29,4057.5,"4.035,5","4.080,0","3.996,0","1,38M","1,12%"
701,2020-10-28,4012.5,"4.095,0","4.109,5","3.961,0","2,01M","-2,69%"
702,2020-10-27,4123.5,"4.235,0","4.249,5","4.111,0","1,24M","-2,36%"
703,2020-10-26,4223.0,"4.289,5","4.301,5","4.205,0","884,88K","-2,36%"
704,2020-10-23,4325.0,"4.305,0","4.374,5","4.287,5","1,00M","0,41%"
705,2020-10-22,4307.5,"4.190,0","4.318,0","4.182,0","1,09M","2,28%"
706,2020-10-21,4211.5,"4.297,0","4.297,0","4.202,0","875,04K","-1,37%"
707,2020-10-20,4270.0,"4.185,0","4.289,0","4.164,0","951,57K","1,81%"
708,2020-10-19,4194.0,"4.280,0","4.296,0","4.171,0","824,38K","-1,39%"
709,2020-10-16,4253.0,"4.260,0","4.301,0","4.200,5","1,48M","-0,42%"
710,2020-10-15,4271.0,"4.352,0","4.362,5","4.231,0","1,45M","-2,14%"
711,2020-10-14,4364.5,"4.371,5","4.385,5","4.326,0","932,16K","-0,23%"
712,2020-10-13,4374.5,"4.440,0","4.473,0","4.364,0","798,78K","-1,59%"
713,2020-12-10,4445.0,"4.444,0","4.493,5","4.428,0","612,37K","-0,15%"
714,2020-09-10,4451.5,"4.510,0","4.510,5","4.411,0","853,41K","-1,03%"
715,2020-08-10,4498.0,"4.481,5","4.503,0","4.431,0","954,79K","0,54%"
716,2020-07-10,4474.0,"4.504,0","4.527,0","4.398,5","1,17M","-1,01%"
717,2020-06-10,4519.5,"4.492,0","4.563,5","4.486,5","1,16M","0,90%"
718,2020-05-10,4479.0,"4.405,5","4.487,0","4.363,5","1,23M","2,28%"
719,2020-02-10,4379.0,"4.376,5","4.382,5","4.313,0","1,22M","-0,67%"
720,2020-01-10,4408.5,"4.489,0","4.506,5","4.390,5","1,03M","-1,38%"
721,2020-09-30,4470.0,"4.487,0","4.520,5","4.457,0","1,02M","-0,85%"
722,2020-09-29,4508.5,"4.629,0","4.644,5","4.484,0","1,60M","-2,56%"
723,2020-09-28,4627.0,"4.574,5","4.634,5","4.552,0","1,05M","1,47%"
724,2020-09-25,4560.0,"4.578,5","4.600,5","4.478,0","1,16M","-0,07%"
725,2020-09-24,4563.0,"4.459,5","4.584,5","4.410,0","1,63M","2,40%"
726,2020-09-23,4456.0,"4.525,0","4.542,0","4.443,5","1,34M","-1,61%"
727,2020-09-22,4529.0,"4.504,0","4.560,0","4.458,0","1,45M","0,40%"
728,2020-09-21,4511.0,"4.664,0","4.665,0","4.462,0","2,31M","-3,55%"
729,2020-09-18,4677.0,"4.805,0","4.815,5","4.655,0","2,92M","-2,43%"
730,2020-09-17,4793.5,"4.813,5","4.821,0","4.750,5","1,54M","-1,44%"
731,2020-09-16,4863.5,"4.893,0","4.929,5","4.821,5","1,35M","-0,26%"
732,2020-09-15,4876.0,"4.755,0","4.884,0","4.735,0","1,50M","2,60%"
733,2020-09-14,4752.5,"4.749,5","4.804,5","4.733,0","946,47K","0,57%"
734,2020-11-09,4725.5,"4.667,5","4.749,0","4.645,5","822,49K","1,38%"
735,2020-10-09,4661.0,"4.716,0","4.736,0","4.631,5","1,07M","-1,02%"
736,2020-09-09,4709.0,"4.701,0","4.758,5","4.664,0","1,08M","-0,22%"
737,2020-08-09,4719.5,"4.801,0","4.822,0","4.684,5","1,30M","-1,57%"
738,2020-07-09,4795.0,"4.829,0","4.850,0","4.790,0","647,62K","-1,30%"
739,2020-04-09,4858.0,"4.802,0","4.888,0","4.802,0","964,48K","0,91%"
740,2020-03-09,4814.0,"4.840,0","4.898,0","4.795,5","1,51M","-0,78%"
741,2020-02-09,4852.0,"4.952,5","4.978,5","4.828,5","1,55M","-1,96%"
742,2020-01-09,4949.0,"5.010,0","5.016,0","4.917,0","1,29M","-0,84%"
743,2020-08-31,4991.0,"5.095,5","5.128,5","4.960,0","1,42M","-1,79%"
744,2020-08-28,5082.0,"5.170,0","5.178,5","5.056,5","777,89K","-1,78%"
745,2020-08-27,5174.0,"5.286,0","5.292,5","5.154,0","1,03M","-1,97%"
746,2020-08-26,5278.0,"5.230,0","5.288,0","5.197,0","796,12K","1,11%"
747,2020-08-25,5220.0,"5.199,5","5.228,0","5.145,0","973,00K","0,66%"
748,2020-08-24,5186.0,"5.110,0","5.198,0","5.103,5","880,23K","1,84%"
749,2020-08-21,5092.5,"5.150,5","5.158,0","5.027,0","1,04M","-0,88%"
750,2020-08-20,5137.5,"5.220,0","5.231,0","5.088,0","1,22M","-2,08%"
751,2020-08-19,5246.5,"5.266,0","5.313,0","5.233,0","629,90K","-0,42%"
752,2020-08-18,5268.5,"5.255,0","5.296,0","5.231,0","708,17K","-0,25%"
753,2020-08-17,5281.5,"5.303,0","5.321,5","5.235,0","678,50K","-0,06%"
754,2020-08-14,5284.5,"5.323,0","5.324,0","5.234,5","716,92K","-0,52%"
755,2020-08-13,5312.0,"5.300,0","5.387,0","5.252,5","1,02M","0,17%"
756,2020-12-08,5303.0,"5.188,5","5.303,5","5.188,0","1,09M","2,57%"
757,2020-11-08,5170.0,"5.115,0","5.210,0","5.113,0","1,30M","1,13%"
758,2020-10-08,5112.0,"5.100,0","5.153,0","5.090,0","649,40K","0,47%"
759,2020-07-08,5088.0,"5.112,5","5.125,5","5.066,0","555,61K","-0,82%"
760,2020-06-08,5130.0,"5.150,5","5.174,0","5.091,0","882,24K","-0,12%"
761,2020-05-08,5136.0,"5.051,0","5.155,0","5.042,0","1,20M","1,94%"
762,2020-04-08,5038.5,"5.052,5","5.060,0","5.002,0","781,02K","0,03%"
763,2020-03-08,5037.0,"5.071,0","5.087,0","5.028,0","827,35K","-0,99%"
764,2020-07-31,5087.5,"5.114,0","5.130,0","5.051,0","863,15K","-0,54%"
765,2020-07-30,5115.0,"5.170,0","5.178,0","5.055,0","1,14M","-1,34%"
766,2020-07-29,5184.5,"5.034,0","5.193,0","5.022,0","1,82M","3,22%"
767,2020-07-28,5023.0,"5.021,5","5.050,0","4.976,5","1,10M","0,19%"
768,2020-07-27,5013.5,"4.992,5","5.039,0","4.978,0","962,02K","0,53%"
769,2020-07-24,4987.0,"4.968,0","5.010,0","4.941,5","1,14M","0,26%"
770,2020-07-23,4974.0,"5.060,0","5.089,5","4.963,5","1,04M","-1,25%"
771,2020-07-22,5037.0,"4.964,5","5.063,0","4.953,0","1,30M","1,70%"
772,2020-07-21,4953.0,"4.955,0","5.005,0","4.932,5","1,54M","0,32%"
773,2020-07-20,4937.0,"4.948,0","4.970,0","4.910,0","852,69K","-0,19%"
774,2020-07-17,4946.5,"4.950,5","4.972,0","4.911,0","558,51K","0,04%"
775,2020-07-16,4944.5,"4.929,0","4.974,0","4.895,0","795,47K","-0,10%"
776,2020-07-15,4949.5,"4.901,5","4.997,0","4.865,0","2,06M","1,34%"
777,2020-07-14,4884.0,"4.933,5","4.933,5","4.784,0","2,05M","-0,86%"
778,2020-07-13,4926.5,"5.116,0","5.133,5","4.909,0","1,22M","-3,36%"
779,2020-10-07,5098.0,"5.048,5","5.103,0","5.026,5","1,02M","0,22%"
780,2020-09-07,5087.0,"5.157,5","5.175,0","5.061,0","1,71M","-6,78%"
781,2020-08-07,5457.0,"5.465,0","5.479,0","5.405,0","1,43M","-0,13%"
782,2020-07-07,5464.0,"5.475,0","5.492,5","5.429,5","1,01M","-0,36%"
783,2020-06-07,5483.5,"5.451,5","5.512,0","5.450,0","1,13M","1,24%"
784,2020-03-07,5416.5,"5.415,5","5.431,0","5.375,5","481,27K","0,01%"
785,2020-02-07,5416.0,"5.339,5","5.422,0","5.322,5","1,04M","1,94%"
786,2020-06-30,5313.0,"5.310,0","5.355,0","5.279,5","918,11K","-0,04%"
787,2020-06-29,5315.0,"5.303,0","5.327,0","5.266,5","976,76K","-0,12%"
788,2020-06-26,5321.5,"5.388,0","5.407,0","5.303,0","768,88K","-1,34%"
789,2020-06-25,5394.0,"5.325,0","5.402,0","5.310,5","1,56M","-1,06%"
790,2020-06-23,5452.0,"5.480,0","5.507,0","5.437,5","955,68K","-0,31%"
791,2020-06-22,5469.0,"5.436,5","5.504,5","5.392,0","953,89K","0,16%"
792,2020-06-19,5460.0,"5.411,5","5.490,0","5.389,0","1,88M","2,11%"
793,2020-06-18,5347.0,"5.330,0","5.376,0","5.290,0","1,23M","0,07%"
794,2020-06-17,5343.0,"5.418,0","5.441,5","5.301,0","1,36M","-0,91%"
795,2020-06-16,5392.0,"5.327,0","5.474,5","5.310,0","1,60M","2,43%"
796,2020-06-15,5264.0,"5.220,0","5.278,0","5.120,0","1,76M","-1,61%"
797,2020-11-06,5350.0,"5.305,0","5.355,5","5.269,0","1,44M","0,15%"
798,2020-10-06,5342.0,"5.410,0","5.432,0","5.314,0","1,52M","-1,53%"
799,2020-09-06,5425.0,"5.400,0","5.428,5","5.305,5","1,39M","0,99%"
800,2020-08-06,5372.0,"5.490,0","5.527,5","5.351,0","1,56M","-1,61%"
801,2020-05-06,5460.0,"5.475,0","5.511,5","5.434,0","1,22M","0,55%"
802,2020-04-06,5430.0,"5.530,5","5.553,0","5.430,0","1,48M","-2,15%"
803,2020-03-06,5549.5,"5.450,0","5.566,5","5.424,0","2,08M","2,77%"
804,2020-02-06,5400.0,"5.357,0","5.433,0","5.340,0","1,36M","1,54%"
805,2020-01-06,5318.0,"5.349,5","5.412,5","5.269,0","1,32M","1,44%"
806,2020-05-29,5242.5,"5.380,0","5.380,0","5.224,0","2,45M","-2,77%"
807,2020-05-28,5392.0,"5.355,0","5.484,5","5.309,0","1,39M","0,74%"
808,2020-05-27,5352.5,"5.424,0","5.515,5","5.285,0","1,74M","-1,70%"
809,2020-05-26,5445.0,"5.500,0","5.539,5","5.435,0","1,61M","0,60%"
810,2020-05-25,5412.5,"5.349,5","5.420,0","5.344,0","619,00K","1,80%"
811,2020-05-22,5317.0,"5.190,5","5.348,0","5.166,0","1,59M","0,59%"
812,2020-05-21,5286.0,"5.459,0","5.548,0","5.227,0","2,66M","-3,01%"
813,2020-05-20,5450.0,"5.275,0","5.471,0","5.238,0","2,24M","3,38%"
814,2020-05-19,5272.0,"5.193,0","5.285,0","5.178,5","2,11M","1,96%"
815,2020-05-18,5170.5,"4.978,5","5.191,5","4.935,0","2,52M","6,07%"
816,2020-05-15,4874.5,"4.933,0","4.968,0","4.874,5","1,66M","0,09%"
817,2020-05-14,4870.0,"4.800,0","4.870,0","4.773,0","1,47M","1,06%"
818,2020-05-13,4819.0,"4.877,5","4.896,0","4.815,5","1,15M","-1,60%"
819,2020-12-05,4897.5,"4.841,0","4.928,0","4.824,0","1,31M","1,36%"
820,2020-08-05,4832.0,"4.862,5","4.879,0","4.733,0","1,62M","-0,14%"
821,2020-07-05,4839.0,"4.865,0","4.950,0","4.825,0","1,71M","-0,38%"
822,2020-06-05,4857.5,"5.000,0","5.014,5","4.825,0","1,87M","-2,36%"
823,2020-05-05,4975.0,"4.950,0","4.985,0","4.880,0","1,43M","2,61%"
824,2020-04-05,4848.5,"4.787,0","4.909,5","4.751,5","1,26M","0,46%"
825,2020-04-30,4826.5,"4.940,0","5.040,0","4.816,5","3,03M","-1,44%"
826,2020-04-29,4897.0,"4.779,0","4.940,0","4.750,0","2,89M","3,34%"
827,2020-04-28,4738.5,"4.624,0","4.808,0","4.621,0","2,74M","1,90%"
828,2020-04-27,4650.0,"4.745,0","4.790,0","4.620,0","1,69M","-2,01%"
829,2020-04-24,4745.5,"4.874,5","4.876,0","4.720,0","1,85M","-3,20%"
830,2020-04-23,4902.5,"4.894,5","4.979,5","4.730,0","2,56M","1,91%"
831,2020-04-22,4810.5,"4.416,5","4.810,5","4.385,5","3,44M","7,50%"
832,2020-04-21,4475.0,"4.402,0","4.533,5","4.281,0","3,80M","-1,05%"
833,2020-04-20,4522.5,"4.559,5","4.637,0","4.455,0","1,90M","-2,11%"
834,2020-04-17,4620.0,"4.696,0","4.697,0","4.545,0","1,69M","1,28%"
835,2020-04-16,4561.5,"4.501,5","4.631,0","4.365,0","3,42M","1,73%"
836,2020-04-15,4484.0,"4.800,0","4.800,0","4.453,0","2,65M","-7,43%"
837,2020-04-14,4844.0,"5.088,0","5.119,5","4.825,0","2,05M","-3,89%"
838,2020-04-13,5040.0,"5.118,5","5.125,0","4.933,0","941,58K","-1,75%"
839,2020-10-04,5130.0,"5.120,0","5.139,5","5.064,0","716,52K","-1,37%"
840,2020-09-04,5201.0,"5.198,0","5.275,0","5.052,0","2,30M","1,19%"
841,2020-08-04,5140.0,"5.063,0","5.175,0","5.036,5","1,93M","0,43%"
842,2020-07-04,5118.0,"5.260,0","5.260,0","5.052,5","1,84M","-0,87%"
843,2020-06-04,5163.0,"5.212,0","5.270,0","5.064,0","2,30M","-0,80%"
844,2020-03-04,5204.5,"5.050,0","5.364,0","4.927,0","3,13M","3,06%"
845,2020-02-04,5050.0,"4.865,0","5.229,5","4.787,5","3,86M","8,03%"
846,2020-01-04,4674.5,"4.596,0","4.734,5","4.564,0","1,92M","-0,86%"
847,2020-03-31,4715.0,"4.550,0","4.715,0","4.501,0","2,43M","5,74%"
848,2020-03-30,4459.0,"4.355,0","4.459,0","4.313,0","1,73M","0,65%"
849,2020-03-27,4430.0,"4.699,0","4.745,0","4.401,5","2,10M","-5,74%"
850,2020-03-26,4700.0,"4.555,0","4.700,0","4.484,5","2,00M","2,40%"
851,2020-03-25,4590.0,"4.596,0","4.725,0","4.400,0","2,90M","2,14%"
852,2020-03-24,4494.0,"4.500,0","4.550,0","4.362,5","2,41M","7,63%"
853,2020-03-23,4175.5,"4.250,0","4.409,0","4.122,0","3,41M","-6,64%"
854,2020-03-20,4472.5,"4.501,0","4.745,0","4.408,0","5,03M","3,22%"
855,2020-03-19,4333.0,"3.830,0","4.484,5","3.663,0","4,78M","15,42%"
856,2020-03-18,3754.0,"4.050,5","4.145,0","3.744,0","3,65M","-9,94%"
857,2020-03-17,4168.5,"4.215,0","4.326,5","4.030,0","2,25M","-1,94%"
858,2020-03-16,4251.0,"4.414,0","4.414,0","4.102,0","2,58M","-3,69%"
859,2020-03-13,4414.0,"4.500,0","4.760,0","4.414,0","3,67M","-2,16%"
860,2020-12-03,4511.5,"4.625,0","4.745,5","4.487,5","3,69M","-8,08%"
861,2020-11-03,4908.0,"4.651,0","4.988,0","4.520,0","4,82M","7,89%"
862,2020-10-03,4549.0,"5.033,0","5.083,0","4.450,0","7,53M","-18,65%"
863,2020-06-03,5592.0,"5.744,5","5.775,0","5.534,5","2,27M","-4,61%"
864,2020-05-03,5862.5,"5.980,0","5.996,0","5.830,0","1,53M","-0,78%"
865,2020-04-03,5908.5,"5.740,5","5.928,5","5.701,5","1,60M","2,19%"
866,2020-03-03,5782.0,"5.700,0","5.900,0","5.661,0","1,96M","4,18%"
867,2020-02-03,5550.0,"5.815,0","5.897,5","5.540,0","2,91M","-2,62%"
868,2020-02-28,5699.5,"5.840,0","5.870,0","5.607,0","3,14M","-5,01%"
869,2020-02-27,6000.0,"6.140,0","6.186,0","6.000,0","1,51M","-4,10%"
870,2020-02-26,6256.5,"6.150,0","6.268,0","6.105,5","1,65M","1,48%"
871,2020-02-25,6165.0,"6.300,0","6.348,5","6.150,5","1,44M","-4,42%"
872,2020-02-21,6450.0,"6.519,0","6.527,5","6.450,0","613,52K","-1,43%"
873,2020-02-20,6543.5,"6.522,0","6.560,0","6.492,5","741,58K","0,53%"
874,2020-02-19,6509.0,"6.407,0","6.516,0","6.405,0","636,80K","2,05%"
875,2020-02-18,6378.5,"6.441,0","6.442,0","6.350,5","714,08K","-1,31%"
876,2020-02-17,6463.0,"6.439,0","6.483,5","6.431,0","350,71K","0,19%"
877,2020-02-14,6451.0,"6.486,0","6.498,0","6.410,0","484,61K","-0,30%"
878,2020-02-13,6470.5,"6.455,0","6.500,0","6.388,0","713,24K","0,07%"
879,2020-12-02,6466.0,"6.397,0","6.466,0","6.384,5","950,70K","1,07%"
880,2020-11-02,6397.5,"6.423,0","6.441,5","6.324,5","1,29M","-0,20%"
881,2020-10-02,6410.0,"6.450,5","6.451,5","6.350,0","958,34K","-0,63%"
882,2020-07-02,6450.5,"6.506,5","6.529,0","6.405,0","946,06K","-0,86%"
883,2020-06-02,6506.5,"6.587,5","6.605,0","6.501,0","686,42K","-0,67%"
884,2020-05-02,6550.5,"6.517,5","6.595,0","6.452,0","1,11M","0,78%"
885,2020-04-02,6500.0,"6.602,5","6.633,0","6.490,0","1,67M","-1,43%"
886,2020-03-02,6594.5,"6.517,0","6.600,0","6.517,0","2,68M","0,67%"
887,2020-01-31,6550.5,"6.635,0","6.670,0","6.540,5","1,77M","1,66%"
888,2020-01-30,6443.5,"6.499,0","6.535,0","6.415,0","1,61M","-2,86%"
889,2020-01-29,6633.0,"6.695,5","6.726,0","6.601,5","948,60K","-0,26%"
890,2020-01-28,6650.0,"6.565,0","6.657,0","6.503,5","770,63K","1,60%"
891,2020-01-27,6545.0,"6.540,0","6.569,5","6.413,0","1,08M","-1,13%"
892,2020-01-24,6620.0,"6.604,0","6.650,0","6.592,5","507,80K","0,46%"
893,2020-01-23,6590.0,"6.611,0","6.633,5","6.536,5","1,22M","-0,98%"
894,2020-01-22,6655.5,"6.719,0","6.810,0","6.655,5","868,11K","-0,79%"
895,2020-01-21,6708.5,"6.689,0","6.716,0","6.611,0","548,73K","-0,13%"
896,2020-01-20,6717.0,"6.700,0","6.770,0","6.684,5","446,77K","0,48%"
897,2020-01-17,6685.0,"6.590,0","6.714,5","6.581,0","1,21M","1,44%"
898,2020-01-16,6590.0,"6.558,0","6.596,0","6.542,0","1,02M","0,57%"
899,2020-01-15,6552.5,"6.519,0","6.574,0","6.480,0","1,05M","0,49%"
900,2020-01-14,6520.5,"6.541,5","6.566,5","6.459,5","719,82K","-0,15%"
901,2020-01-13,6530.0,"6.492,0","6.541,5","6.465,0","578,06K","0,62%"
902,2020-10-01,6490.0,"6.430,5","6.505,0","6.395,0","499,12K","0,93%"
903,2020-09-01,6430.0,"6.450,0","6.523,5","6.393,5","885,96K","-1,02%"
904,2020-08-01,6496.5,"6.400,0","6.513,0","6.350,5","976,35K","1,79%"
905,2020-06-01,6382.0,"6.300,0","6.382,0","6.284,5","754,52K","1,40%"
906,2020-03-01,6294.0,"6.203,5","6.294,0","6.185,0","795,87K","2,03%"
