"DateTime","Price","Откр.","Макс.","Мин.","Объём","Изм. %"
"31.08.2023","6.830,0","6.858,5","6.875,0","6.788,0","822,17K","-0,10%"
"30.08.2023","6.837,0","6.789,0","6.900,0","6.760,0","2,16M","0,85%"
"29.08.2023","6.779,5","6.673,5","6.780,0","6.636,0","1,94M","1,76%"
"28.08.2023","6.662,0","6.570,5","6.665,0","6.560,0","913,84K","1,46%"
"25.08.2023","6.566,0","6.562,5","6.592,5","6.513,5","764,29K","0,07%"
"24.08.2023","6.561,5","6.497,5","6.571,5","6.432,0","1,24M","2,32%"
"23.08.2023","6.412,5","6.632,0","6.654,0","6.364,0","2,95M","-2,94%"
"22.08.2023","6.606,5","6.265,5","6.677,0","6.216,5","5,30M","5,44%"
"21.08.2023","6.265,5","6.295,0","6.338,0","6.237,0","1,19M","-0,19%"
"18.08.2023","6.277,5","6.167,0","6.285,0","6.122,5","918,71K","1,87%"
"17.08.2023","6.162,0","6.160,0","6.167,0","6.062,0","900,51K","1,11%"
"16.08.2023","6.094,5","6.156,5","6.198,0","5.990,5","1,99M","-0,60%"
"15.08.2023","6.131,5","6.089,5","6.290,0","6.008,0","2,28M","0,07%"
"14.08.2023","6.127,5","6.322,0","6.428,0","6.011,5","3,04M","-2,50%"
"11.08.2023","6.284,5","6.265,0","6.287,0","6.205,0","788,92K","0,52%"
"10.08.2023","6.252,0","6.185,0","6.258,0","6.155,0","1,02M","1,30%"
"09.08.2023","6.171,5","6.130,0","6.185,0","6.073,0","941,05K","0,77%"
"08.08.2023","6.124,5","6.040,0","6.135,0","5.925,0","1,55M","1,26%"
"07.08.2023","6.048,5","6.177,0","6.210,0","5.975,0","1,41M","-0,89%"
"04.08.2023","6.103,0","6.170,0","6.270,0","5.951,5","2,84M","-0,84%"
"03.08.2023","6.155,0","6.066,0","6.168,0","6.040,0","999,74K","1,41%"
"02.08.2023","6.069,5","6.008,0","6.123,0","5.960,0","1,32M","1,02%"
"01.08.2023","6.008,0","5.940,5","6.049,0","5.883,0","1,34M","1,18%"
"31.07.2023","5.938,0","5.952,5","5.999,5","5.905,5","1,56M","0,71%"
"28.07.2023","5.896,0","5.679,0","5.917,0","5.654,5","1,87M","4,02%"
"27.07.2023","5.668,0","5.638,0","5.678,0","5.637,5","633,92K","0,75%"
"26.07.2023","5.626,0","5.636,0","5.665,5","5.591,0","763,97K","-0,13%"
"25.07.2023","5.633,5","5.555,5","5.649,5","5.532,5","1,22M","1,59%"
"24.07.2023","5.545,5","5.508,0","5.554,0","5.491,0","626,21K","0,74%"
"21.07.2023","5.505,0","5.410,0","5.505,0","5.397,5","643,48K","2,06%"
"20.07.2023","5.394,0","5.518,0","5.520,0","5.381,0","864,11K","-2,25%"
"19.07.2023","5.518,0","5.541,0","5.568,0","5.495,0","610,88K","-0,35%"
"18.07.2023","5.537,5","5.514,5","5.585,0","5.481,0","1,15M","0,63%"
"17.07.2023","5.503,0","5.490,0","5.535,0","5.462,5","767,65K","-0,20%"
"14.07.2023","5.514,0","5.488,0","5.550,0","5.450,0","792,18K","0,29%"
"13.07.2023","5.498,0","5.531,0","5.549,5","5.461,0","721,19K","-0,04%"
"12.07.2023","5.500,0","5.442,0","5.535,0","5.377,5","1,23M","1,12%"
"11.07.2023","5.439,0","5.440,5","5.449,5","5.366,5","691,23K","0,06%"
"10.07.2023","5.436,0","5.475,5","5.505,5","5.404,0","1,10M","-0,06%"
"07.07.2023","5.439,5","5.362,0","5.446,5","5.326,0","1,30M","1,73%"
"06.07.2023","5.347,0","5.320,0","5.390,0","5.304,0","1,41M","0,92%"
"05.07.2023","5.298,5","5.225,0","5.311,0","5.221,5","1,21M","1,72%"
"04.07.2023","5.209,0","5.110,0","5.260,0","5.082,0","1,47M","2,23%"
"03.07.2023","5.095,5","5.099,0","5.123,0","5.080,0","638,46K","0,32%"
"30.06.2023","5.079,0","5.127,0","5.139,0","5.063,0","711,61K","-0,88%"
"29.06.2023","5.124,0","5.116,5","5.150,0","5.096,0","742,24K","0,31%"
"28.06.2023","5.108,0","5.150,0","5.155,0","5.082,0","702,89K","-0,58%"
"27.06.2023","5.138,0","5.077,0","5.158,5","5.031,0","924,41K","1,77%"
"26.06.2023","5.048,5","5.100,0","5.114,0","4.965,0","1,19M","0,37%"
"23.06.2023","5.030,0","5.130,0","5.145,0","5.004,0","1,07M","-2,08%"
"22.06.2023","5.137,0","5.134,0","5.189,0","5.103,0","603,81K","0,23%"
"21.06.2023","5.125,0","5.152,5","5.166,5","5.110,0","644,98K","-0,50%"
"20.06.2023","5.150,5","5.190,0","5.194,0","5.081,0","977,79K","-0,84%"
"19.06.2023","5.194,0","5.262,0","5.297,5","5.177,0","773,46K","-1,26%"
"16.06.2023","5.260,5","5.309,5","5.330,0","5.243,5","571,05K","-0,79%"
"15.06.2023","5.302,5","5.251,5","5.319,5","5.226,0","1,06M","1,08%"
"14.06.2023","5.246,0","5.299,0","5.324,0","5.205,5","925,72K","-0,34%"
"13.06.2023","5.264,0","5.092,0","5.265,5","5.077,0","1,38M","3,68%"
"09.06.2023","5.077,0","5.082,0","5.112,5","5.070,0","522,44K","0,24%"
"08.06.2023","5.065,0","5.101,0","5.111,0","5.041,0","741,01K","-0,71%"
"07.06.2023","5.101,0","5.164,5","5.164,5","5.073,0","933,29K","-0,94%"
"06.06.2023","5.149,5","5.145,0","5.175,5","4.962,5","2,20M","-0,33%"
"05.06.2023","5.166,5","5.401,0","5.420,0","5.155,5","2,09M","-4,02%"
"02.06.2023","5.383,0","5.303,0","5.454,0","5.302,0","3,23M","-5,30%"
"01.06.2023","5.684,0","5.570,0","5.685,0","5.540,0","1,77M","2,07%"
"31.05.2023","5.569,0","5.590,5","5.594,0","5.505,0","1,14M","0,71%"
"30.05.2023","5.530,0","5.515,0","5.698,5","5.461,5","2,58M","-0,15%"
"29.05.2023","5.538,5","5.341,0","5.547,5","5.332,0","2,22M","4,57%"
"26.05.2023","5.296,5","5.207,5","5.298,5","5.203,0","979,24K","1,79%"
"25.05.2023","5.203,5","5.198,0","5.209,0","5.160,5","858,84K","0,22%"
"24.05.2023","5.192,0","5.185,0","5.215,0","5.142,0","953,70K","0,37%"
"23.05.2023","5.173,0","5.094,0","5.174,0","5.065,0","930,01K","1,63%"
"22.05.2023","5.090,0","5.112,0","5.116,0","5.057,0","469,49K","0,23%"
"19.05.2023","5.078,5","5.070,0","5.078,5","5.013,0","669,41K","0,07%"
"18.05.2023","5.075,0","5.110,0","5.120,0","5.070,0","665,35K","-0,43%"
"17.05.2023","5.097,0","5.094,5","5.120,0","5.060,5","692,80K","0,22%"
"16.05.2023","5.086,0","5.068,0","5.120,0","5.020,5","1,49M","0,80%"
"15.05.2023","5.045,5","4.840,0","5.055,0","4.838,0","1,88M","4,70%"
"12.05.2023","4.819,0","4.800,0","4.842,5","4.751,0","973,51K","0,64%"
"11.05.2023","4.788,5","4.728,5","4.849,5","4.681,0","2,37M","1,54%"
"10.05.2023","4.716,0","4.560,0","4.716,0","4.559,0","1,01M","3,32%"
"08.05.2023","4.564,5","4.524,5","4.599,5","4.517,5","363,54K","1,23%"
"05.05.2023","4.509,0","4.547,5","4.557,5","4.501,5","433,75K","-0,85%"
"04.05.2023","4.547,5","4.529,5","4.564,5","4.512,5","491,93K","0,87%"
"03.05.2023","4.508,5","4.581,0","4.638,0","4.491,0","1,11M","-1,58%"
"02.05.2023","4.581,0","4.680,0","4.705,0","4.552,0","856,74K","-2,00%"
"28.04.2023","4.674,5","4.710,0","4.710,0","4.641,5","541,27K","-0,54%"
"27.04.2023","4.700,0","4.659,0","4.710,5","4.655,0","510,78K","0,88%"
"26.04.2023","4.659,0","4.695,0","4.706,0","4.627,5","646,92K","-0,64%"
"25.04.2023","4.689,0","4.714,0","4.720,0","4.678,0","391,57K","-0,46%"
"24.04.2023","4.710,5","4.728,5","4.750,0","4.692,5","531,21K","-0,40%"
"21.04.2023","4.729,5","4.759,5","4.776,5","4.711,0","855,35K","-0,35%"
"20.04.2023","4.746,0","4.539,5","4.794,5","4.462,0","3,66M","4,55%"
"19.04.2023","4.539,5","4.600,0","4.609,5","4.528,0","1,23M","-1,30%"
"18.04.2023","4.599,5","4.649,5","4.658,0","4.583,5","886,11K","-0,87%"
"17.04.2023","4.640,0","4.660,0","4.670,0","4.629,5","663,50K","0,48%"
"14.04.2023","4.618,0","4.612,5","4.629,0","4.553,5","956,04K","0,12%"
"13.04.2023","4.612,5","4.686,0","4.686,0","4.590,0","903,15K","-1,23%"
"12.04.2023","4.670,0","4.668,0","4.728,5","4.630,0","937,99K","1,08%"
"11.04.2023","4.620,0","4.650,5","4.689,0","4.575,0","898,48K","-0,66%"
"10.04.2023","4.650,5","4.636,0","4.661,0","4.620,0","605,84K","0,29%"
"07.04.2023","4.637,0","4.610,5","4.638,5","4.520,0","642,43K","1,13%"
"06.04.2023","4.585,0","4.541,5","4.623,5","4.475,5","937,87K","0,99%"
"05.04.2023","4.540,0","4.509,5","4.545,0","4.460,0","559,41K","0,65%"
"04.04.2023","4.510,5","4.491,5","4.575,5","4.476,5","918,08K","0,83%"
"03.04.2023","4.473,5","4.499,5","4.508,5","4.422,0","1,13M","2,78%"
"31.03.2023","4.352,5","4.379,0","4.389,0","4.280,5","675,59K","-0,68%"
"30.03.2023","4.382,5","4.349,5","4.388,5","4.320,0","440,24K","0,93%"
"29.03.2023","4.342,0","4.323,0","4.360,0","4.294,0","421,82K","0,51%"
"28.03.2023","4.320,0","4.331,0","4.350,5","4.271,0","490,57K","-0,05%"
"27.03.2023","4.322,0","4.230,0","4.343,5","4.217,0","586,53K","2,75%"
"24.03.2023","4.206,5","4.178,0","4.221,0","4.158,0","242,46K","0,69%"
"23.03.2023","4.177,5","4.199,5","4.215,0","4.159,0","373,94K","-0,36%"
"22.03.2023","4.192,5","4.216,0","4.254,0","4.184,0","419,84K","-0,57%"
"21.03.2023","4.216,5","4.230,0","4.287,5","4.167,5","886,70K","-0,28%"
"20.03.2023","4.228,5","4.128,0","4.247,5","4.090,5","961,02K","2,85%"
"17.03.2023","4.111,5","4.095,0","4.140,0","4.073,0","921,98K","0,67%"
"16.03.2023","4.084,0","4.013,0","4.092,0","4.011,0","628,47K","1,54%"
"15.03.2023","4.022,0","4.077,0","4.079,0","4.009,0","540,00K","-1,01%"
"14.03.2023","4.063,0","4.059,0","4.095,0","4.044,0","364,33K","-0,07%"
"13.03.2023","4.066,0","4.090,5","4.120,0","4.039,0","458,63K","-0,47%"
"10.03.2023","4.085,0","4.088,0","4.111,0","4.035,0","411,77K","-0,49%"
"09.03.2023","4.105,0","4.125,0","4.136,0","4.099,0","369,04K","-0,48%"
"07.03.2023","4.125,0","4.124,5","4.138,0","4.090,0","446,45K","0,33%"
"06.03.2023","4.111,5","4.048,0","4.129,0","4.045,5","767,48K","2,01%"
"03.03.2023","4.030,5","4.003,0","4.048,0","4.001,5","467,51K","0,66%"
"02.03.2023","4.004,0","4.056,5","4.078,0","3.966,0","1,01M","-1,28%"
"01.03.2023","4.056,0","4.012,0","4.060,0","3.978,0","827,96K","1,65%"
"28.02.2023","3.990,0","3.905,5","4.021,0","3.903,0","1,17M","2,23%"
"27.02.2023","3.903,0","3.881,5","3.920,0","3.881,5","317,56K","0,05%"
"24.02.2023","3.901,0","3.916,0","3.925,0","3.880,0","123,66K","-0,22%"
"22.02.2023","3.909,5","3.915,5","3.925,0","3.873,0","195,65K","-0,13%"
"21.02.2023","3.914,5","3.912,0","3.950,0","3.901,5","373,58K","0,24%"
"20.02.2023","3.905,0","3.849,5","3.927,5","3.804,0","451,38K","1,69%"
"17.02.2023","3.840,0","3.830,0","3.860,0","3.802,5","250,59K","0,26%"
"16.02.2023","3.830,0","3.840,0","3.873,5","3.811,5","342,42K","0,03%"
"15.02.2023","3.829,0","3.903,0","3.906,0","3.800,0","701,27K","-2,18%"
"14.02.2023","3.914,5","3.928,5","3.937,0","3.905,0","287,64K","-0,36%"
"13.02.2023","3.928,5","3.941,5","3.948,0","3.911,0","285,21K","0,18%"
"10.02.2023","3.921,5","3.915,0","3.969,5","3.903,5","315,59K","0,19%"
"09.02.2023","3.914,0","3.949,0","3.960,0","3.907,5","295,57K","-0,42%"
"08.02.2023","3.930,5","3.979,0","3.998,5","3.903,0","533,76K","-0,95%"
"07.02.2023","3.968,0","3.950,5","3.977,0","3.931,0","390,66K","0,69%"
"06.02.2023","3.941,0","3.908,0","3.946,5","3.902,0","412,52K","0,86%"
"03.02.2023","3.907,5","3.918,0","3.920,0","3.880,0","551,15K","-0,28%"
"02.02.2023","3.918,5","3.955,5","3.960,0","3.900,5","567,89K","-0,94%"
"01.02.2023","3.955,5","3.959,5","3.989,0","3.935,0","354,76K","0,01%"
"31.01.2023","3.955,0","3.947,0","3.972,5","3.925,5","377,66K","0,19%"
"30.01.2023","3.947,5","3.929,0","3.954,0","3.917,0","321,30K","0,78%"
"27.01.2023","3.917,0","3.911,0","3.920,0","3.892,5","473,47K","0,15%"
"26.01.2023","3.911,0","3.924,0","3.935,0","3.901,5","326,41K","-0,32%"
"25.01.2023","3.923,5","3.949,0","3.960,0","3.900,5","542,13K","-0,48%"
"24.01.2023","3.942,5","3.986,0","3.990,0","3.930,5","296,37K","-0,76%"
"23.01.2023","3.972,5","3.950,0","3.979,5","3.944,5","340,22K","0,72%"
"20.01.2023","3.944,0","3.982,0","3.995,0","3.925,0","384,13K","-0,93%"
"19.01.2023","3.981,0","4.019,5","4.020,0","3.974,0","414,21K","-0,99%"
"18.01.2023","4.021,0","4.037,5","4.049,0","4.012,0","270,72K","-0,10%"
"17.01.2023","4.025,0","4.052,5","4.060,5","4.015,0","326,71K","-0,67%"
"16.01.2023","4.052,0","4.078,0","4.096,5","4.045,0","463,29K","-0,54%"
"13.01.2023","4.074,0","4.080,0","4.090,0","4.068,0","222,76K","-0,11%"
"12.01.2023","4.078,5","4.091,0","4.094,0","4.071,0","175,45K","-0,29%"
"11.01.2023","4.090,5","4.080,0","4.099,0","4.065,5","264,36K","0,28%"
"10.01.2023","4.079,0","4.100,0","4.104,0","4.063,5","287,63K","-0,75%"
"09.01.2023","4.110,0","4.105,0","4.123,0","4.093,0","356,31K","0,51%"
"06.01.2023","4.089,0","4.088,0","4.118,0","4.085,0","239,86K","0,05%"
"05.01.2023","4.087,0","4.121,5","4.127,0","4.081,5","176,21K","-0,70%"
"04.01.2023","4.116,0","4.124,0","4.165,5","4.090,0","405,82K","-0,18%"
"03.01.2023","4.123,5","4.082,0","4.139,0","4.075,5","321,49K","1,33%"
"30.12.2022","4.069,5","4.030,5","4.088,0","4.022,5","454,46K","1,18%"
"29.12.2022","4.022,0","4.017,0","4.035,0","4.015,5","274,67K","0,16%"
"28.12.2022","4.015,5","4.032,5","4.040,0","4.010,0","375,00K","-0,32%"
"27.12.2022","4.028,5","4.020,0","4.035,0","4.011,0","392,37K","0,46%"
"26.12.2022","4.010,0","4.014,0","4.047,0","4.000,0","380,72K","-0,01%"
"23.12.2022","4.010,5","4.022,0","4.024,5","3.985,0","413,41K","-0,42%"
"22.12.2022","4.027,5","4.050,0","4.058,5","4.017,0","428,58K","-0,32%"
"21.12.2022","4.040,5","4.085,0","4.095,0","3.997,0","700,52K","-0,87%"
"20.12.2022","4.076,0","4.146,0","4.146,0","3.883,5","1,89M","-11,87%"
"19.12.2022","4.625,0","4.585,0","4.625,0","4.530,5","1,26M","0,98%"
"16.12.2022","4.580,0","4.526,5","4.590,0","4.501,0","633,26K","1,31%"
"15.12.2022","4.521,0","4.591,0","4.599,5","4.511,0","722,36K","-1,51%"
"14.12.2022","4.590,5","4.580,0","4.604,0","4.560,0","557,60K","0,28%"
"13.12.2022","4.577,5","4.596,0","4.596,0","4.560,0","411,50K","-0,13%"
"12.12.2022","4.583,5","4.595,0","4.607,0","4.575,0","325,27K","0,01%"
"09.12.2022","4.583,0","4.583,0","4.586,0","4.570,0","224,47K","0,11%"
"08.12.2022","4.578,0","4.600,0","4.602,0","4.565,0","284,67K","-0,32%"
"07.12.2022","4.592,5","4.610,0","4.612,0","4.580,0","264,17K","-0,24%"
"06.12.2022","4.603,5","4.632,5","4.633,0","4.586,0","437,63K","-0,34%"
"05.12.2022","4.619,0","4.589,5","4.649,0","4.575,0","915,57K","0,91%"
"02.12.2022","4.577,5","4.590,0","4.598,0","4.574,0","320,74K","-0,48%"
"01.12.2022","4.599,5","4.618,0","4.623,5","4.572,5","323,11K","-0,33%"
"30.11.2022","4.614,5","4.603,0","4.618,0","4.584,0","335,62K","0,27%"
"29.11.2022","4.602,0","4.631,0","4.648,0","4.595,0","458,14K","-0,48%"
"28.11.2022","4.624,0","4.647,0","4.657,0","4.590,0","457,96K","-0,96%"
"25.11.2022","4.669,0","4.668,0","4.678,5","4.635,0","234,26K","0,11%"
"24.11.2022","4.664,0","4.680,0","4.707,0","4.653,0","221,07K","-0,32%"
"23.11.2022","4.679,0","4.628,0","4.719,0","4.610,0","611,65K","1,32%"
"22.11.2022","4.618,0","4.608,0","4.646,5","4.581,0","325,16K","0,27%"
"21.11.2022","4.605,5","4.623,0","4.625,0","4.555,0","419,87K","-0,38%"
"18.11.2022","4.623,0","4.583,0","4.641,0","4.583,0","252,62K","0,04%"
"17.11.2022","4.621,0","4.662,0","4.666,0","4.602,0","260,76K","-0,87%"
"16.11.2022","4.661,5","4.596,0","4.670,0","4.576,5","416,94K","2,11%"
"15.11.2022","4.565,0","4.660,0","4.676,0","4.427,0","858,46K","-2,01%"
"14.11.2022","4.658,5","4.680,0","4.684,5","4.654,0","370,00K","-0,25%"
"11.11.2022","4.670,0","4.690,5","4.694,0","4.648,5","368,32K","-0,23%"
"10.11.2022","4.681,0","4.633,0","4.694,5","4.625,5","484,27K","1,06%"
"09.11.2022","4.632,0","4.698,0","4.713,0","4.600,0","483,76K","-1,39%"
"08.11.2022","4.697,5","4.723,5","4.725,0","4.688,0","342,42K","-0,55%"
"07.11.2022","4.723,5","4.718,0","4.732,0","4.695,0","679,58K","0,78%"
"03.11.2022","4.687,0","4.670,0","4.687,0","4.620,0","557,49K","0,36%"
"02.11.2022","4.670,0","4.710,0","4.788,0","4.626,5","999,93K","-0,64%"
"01.11.2022","4.700,0","4.725,0","4.729,5","4.660,0","343,27K","0,10%"
"31.10.2022","4.695,5","4.730,0","4.765,0","4.659,0","645,17K","-0,11%"
"28.10.2022","4.700,5","4.712,0","4.800,0","4.516,0","2,32M","-0,50%"
"27.10.2022","4.724,0","4.623,5","4.746,5","4.592,0","789,17K","2,40%"
"26.10.2022","4.613,5","4.574,0","4.624,0","4.512,5","668,60K","0,96%"
"25.10.2022","4.569,5","4.465,0","4.579,5","4.436,0","651,31K","2,93%"
"24.10.2022","4.439,5","4.474,0","4.491,0","4.385,5","633,25K","0,15%"
"21.10.2022","4.433,0","4.399,0","4.462,0","4.350,5","855,20K","1,20%"
"20.10.2022","4.380,5","4.220,0","4.400,0","4.180,5","1,05M","4,19%"
"19.10.2022","4.204,5","4.210,5","4.277,0","4.106,5","932,50K","-0,84%"
"18.10.2022","4.240,0","4.255,0","4.359,0","4.207,0","761,62K","0,65%"
"17.10.2022","4.212,5","4.150,0","4.220,0","4.113,0","515,66K","1,78%"
"14.10.2022","4.139,0","4.199,0","4.203,0","4.090,0","485,06K","-1,11%"
"13.10.2022","4.185,5","4.150,0","4.261,5","4.118,0","636,89K","0,88%"
"12.10.2022","4.149,0","4.181,0","4.280,0","4.135,0","797,24K","-0,50%"
"11.10.2022","4.170,0","4.040,0","4.188,0","4.012,5","665,09K","3,35%"
"10.10.2022","4.035,0","3.778,0","4.069,0","3.757,0","827,97K","4,13%"
"07.10.2022","3.875,0","4.025,0","4.030,0","3.850,0","577,14K","-4,11%"
"06.10.2022","4.041,0","4.123,0","4.158,0","4.010,0","473,23K","-1,50%"
"05.10.2022","4.102,5","4.088,5","4.189,0","4.000,0","827,58K","0,21%"
"04.10.2022","4.094,0","4.100,0","4.140,0","3.961,5","673,71K","0,42%"
"03.10.2022","4.077,0","3.971,0","4.092,0","3.912,5","544,91K","2,82%"
"30.09.2022","3.965,0","3.891,0","4.088,0","3.750,0","851,75K","2,12%"
"29.09.2022","3.882,5","3.948,0","3.958,0","3.809,0","755,53K","-0,64%"
"28.09.2022","3.907,5","3.840,0","3.967,0","3.806,5","659,40K","1,10%"
"27.09.2022","3.865,0","3.800,0","3.924,0","3.715,0","819,06K","4,23%"
"26.09.2022","3.708,0","3.856,0","3.882,0","3.605,5","1,48M","-6,09%"
"23.09.2022","3.948,5","4.014,0","4.037,0","3.875,0","952,67K","-1,56%"
"22.09.2022","4.011,0","3.955,0","4.095,5","3.951,5","730,07K","1,42%"
"21.09.2022","3.955,0","3.622,5","4.044,0","3.622,5","1,49M","-2,47%"
"20.09.2022","4.055,0","4.478,0","4.494,0","3.830,0","2,62M","-9,81%"
"19.09.2022","4.496,0","4.524,5","4.548,0","4.445,0","350,56K","-0,51%"
"16.09.2022","4.519,0","4.539,0","4.580,0","4.475,0","477,75K","-0,24%"
"15.09.2022","4.530,0","4.471,0","4.558,0","4.436,0","603,94K","1,30%"
"14.09.2022","4.472,0","4.531,0","4.548,0","4.403,5","795,17K","-1,55%"
"13.09.2022","4.542,5","4.570,0","4.588,5","4.510,0","411,14K","-0,38%"
"12.09.2022","4.560,0","4.460,0","4.591,5","4.426,5","620,07K","2,01%"
"09.09.2022","4.470,0","4.437,0","4.500,0","4.401,5","515,38K","1,36%"
"08.09.2022","4.410,0","4.400,0","4.432,5","4.376,0","426,72K","-0,23%"
"07.09.2022","4.420,0","4.545,0","4.545,0","4.420,0","805,98K","-2,75%"
"06.09.2022","4.545,0","4.660,0","4.666,5","4.410,5","1,09M","-2,43%"
"05.09.2022","4.658,0","4.619,5","4.690,0","4.483,0","1,13M","1,37%"
"02.09.2022","4.595,0","4.660,0","4.714,5","4.556,0","1,76M","-2,69%"
"01.09.2022","4.722,0","4.250,0","4.773,0","4.221,0","2,45M","10,59%"
"31.08.2022","4.270,0","4.300,0","4.300,0","4.161,5","1,29M","3,14%"
"30.08.2022","4.140,0","4.198,0","4.220,0","4.120,0","492,81K","-1,10%"
"29.08.2022","4.186,0","4.114,0","4.207,0","4.088,5","452,00K","1,73%"
"26.08.2022","4.115,0","4.056,0","4.115,0","4.046,5","280,37K","1,48%"
"25.08.2022","4.055,0","4.125,0","4.143,5","4.047,0","402,47K","-1,51%"
"24.08.2022","4.117,0","4.103,0","4.128,0","4.066,0","306,25K","0,46%"
"23.08.2022","4.098,0","4.022,0","4.099,0","4.016,0","400,48K","2,02%"
"22.08.2022","4.017,0","3.968,0","4.028,5","3.944,5","396,28K","1,13%"
"19.08.2022","3.972,0","3.945,0","3.974,0","3.894,0","380,08K","1,33%"
"18.08.2022","3.920,0","3.906,5","3.942,0","3.878,0","321,62K","0,33%"
"17.08.2022","3.907,0","4.020,0","4.044,0","3.907,0","504,38K","-2,76%"
"16.08.2022","4.018,0","3.977,0","4.025,0","3.936,0","431,90K","1,49%"
"15.08.2022","3.959,0","3.945,0","4.005,0","3.904,5","344,90K","0,47%"
"12.08.2022","3.940,5","3.935,0","3.979,0","3.901,0","399,40K","0,39%"
"11.08.2022","3.925,0","3.899,0","3.963,0","3.875,0","500,97K","0,90%"
"10.08.2022","3.890,0","3.895,0","3.910,0","3.825,0","452,73K","-0,13%"
"09.08.2022","3.895,0","3.720,0","3.895,0","3.701,5","456,81K","4,70%"
"08.08.2022","3.720,0","3.779,0","3.819,0","3.720,0","356,66K","1,10%"
"05.08.2022","3.679,5","3.720,0","3.746,0","3.659,5","379,69K","-1,09%"
"04.08.2022","3.720,0","3.800,0","3.816,0","3.712,0","374,53K","-2,08%"
"03.08.2022","3.799,0","3.823,0","3.855,0","3.784,0","398,60K","-0,63%"
"02.08.2022","3.823,0","3.930,5","3.965,5","3.795,0","585,71K","-2,75%"
"01.08.2022","3.931,0","3.883,0","4.030,0","3.825,5","1,01M","1,39%"
"29.07.2022","3.877,0","3.830,0","3.880,0","3.809,5","275,99K","1,20%"
"28.07.2022","3.831,0","3.870,0","3.885,0","3.770,0","423,00K","-0,43%"
"27.07.2022","3.847,5","3.850,0","3.878,0","3.810,0","488,73K","0,59%"
"26.07.2022","3.825,0","3.694,0","3.825,0","3.675,5","544,41K","4,25%"
"25.07.2022","3.669,0","3.672,0","3.709,5","3.637,0","369,72K","-0,52%"
"22.07.2022","3.688,0","3.552,0","3.688,0","3.551,0","575,22K","4,20%"
"21.07.2022","3.539,5","3.577,0","3.577,5","3.482,5","485,94K","-1,13%"
"20.07.2022","3.580,0","3.601,0","3.664,0","3.556,5","350,25K","-0,56%"
"19.07.2022","3.600,0","3.645,0","3.654,5","3.567,0","306,82K","-1,23%"
"18.07.2022","3.645,0","3.721,0","3.777,0","3.613,0","386,00K","-1,73%"
"15.07.2022","3.709,0","3.643,5","3.710,0","3.580,0","461,64K","2,80%"
"14.07.2022","3.608,0","3.645,5","3.710,0","3.551,0","610,14K","-1,03%"
"13.07.2022","3.645,5","3.757,0","3.767,0","3.619,0","585,48K","-2,84%"
"12.07.2022","3.752,0","3.830,0","3.846,0","3.713,0","502,25K","-2,51%"
"11.07.2022","3.848,5","3.900,0","3.920,0","3.802,5","539,59K","-1,60%"
"08.07.2022","3.911,0","3.959,5","3.980,0","3.902,5","359,49K","-1,14%"
"07.07.2022","3.956,0","3.963,0","4.010,0","3.940,0","339,57K","-0,15%"
"06.07.2022","3.962,0","4.000,0","4.150,0","3.945,0","603,62K","-1,32%"
"05.07.2022","4.015,0","3.950,5","4.048,0","3.905,0","442,66K","1,66%"
"04.07.2022","3.949,5","3.946,0","4.095,0","3.944,0","421,08K","0,14%"
"01.07.2022","3.944,0","3.915,0","4.002,5","3.876,0","504,47K","1,00%"
"30.06.2022","3.905,0","4.000,0","4.056,5","3.865,0","751,50K","-2,74%"
"29.06.2022","4.015,0","3.980,0","4.078,0","3.920,5","442,80K","0,64%"
"28.06.2022","3.989,5","4.109,5","4.109,5","3.983,0","394,21K","-2,70%"
"27.06.2022","4.100,0","4.100,0","4.120,0","4.056,0","223,54K","0,00%"
"24.06.2022","4.100,0","4.149,0","4.160,0","4.044,5","314,43K","-1,20%"
"23.06.2022","4.150,0","4.140,5","4.207,0","4.076,5","657,19K","0,27%"
"22.06.2022","4.139,0","3.990,0","4.179,5","3.932,5","745,92K","2,32%"
"21.06.2022","4.045,0","4.239,0","4.279,5","4.031,5","590,55K","-3,91%"
"20.06.2022","4.209,5","4.202,0","4.245,0","4.128,0","461,01K","0,66%"
"17.06.2022","4.182,0","4.289,5","4.326,0","4.137,0","499,05K","-1,87%"
"16.06.2022","4.261,5","4.116,5","4.300,0","4.105,0","1,09M","3,56%"
"15.06.2022","4.115,0","3.880,0","4.125,0","3.880,0","725,31K","5,74%"
"14.06.2022","3.891,5","3.881,0","3.927,5","3.846,0","299,31K","-0,17%"
"10.06.2022","3.898,0","3.865,0","3.903,0","3.830,0","362,44K","0,57%"
"09.06.2022","3.876,0","3.954,0","3.956,5","3.865,0","289,29K","-1,76%"
"08.06.2022","3.945,5","3.968,0","4.050,0","3.864,0","437,13K","-0,35%"
"07.06.2022","3.959,5","3.940,0","3.970,0","3.816,0","457,70K","0,49%"
"06.06.2022","3.940,0","3.985,0","4.028,0","3.927,0","291,27K","-1,02%"
"03.06.2022","3.980,5","4.040,0","4.070,0","3.930,0","339,61K","-1,35%"
"02.06.2022","4.035,0","4.078,0","4.085,5","3.993,0","314,25K","-0,96%"
"01.06.2022","4.074,0","4.050,0","4.125,0","4.003,0","373,12K","0,31%"
"31.05.2022","4.061,5","4.180,0","4.199,0","4.043,0","305,24K","-3,76%"
"30.05.2022","4.220,0","4.351,0","4.380,0","4.100,0","415,92K","-1,63%"
"27.05.2022","4.290,0","4.285,0","4.359,5","4.255,0","475,10K","0,63%"
"26.05.2022","4.263,0","4.160,0","4.298,5","4.085,0","488,50K","2,77%"
"25.05.2022","4.148,0","3.999,0","4.148,0","3.975,0","339,34K","5,23%"
"24.05.2022","3.942,0","4.050,0","4.062,5","3.882,0","501,95K","-2,67%"
"23.05.2022","4.050,0","4.305,0","4.350,0","4.031,0","332,96K","-5,35%"
"20.05.2022","4.279,0","4.419,0","4.449,0","4.258,0","304,80K","-3,09%"
"19.05.2022","4.415,5","4.483,5","4.509,5","4.381,5","229,82K","-1,52%"
"18.05.2022","4.483,5","4.520,0","4.565,0","4.480,0","273,96K","-0,37%"
"17.05.2022","4.500,0","4.543,0","4.589,0","4.400,0","388,54K","-0,52%"
"16.05.2022","4.523,5","4.380,0","4.669,5","4.380,0","1,14M","3,28%"
"13.05.2022","4.380,0","4.400,0","4.439,0","4.300,0","272,07K","0,40%"
"12.05.2022","4.362,5","4.550,0","4.581,0","4.325,5","525,90K","-5,16%"
"11.05.2022","4.600,0","4.640,0","4.699,0","4.539,0","242,22K","-0,77%"
"06.05.2022","4.635,5","4.689,0","4.690,0","4.568,0","376,03K","-0,84%"
"05.05.2022","4.675,0","4.602,0","4.689,5","4.600,5","230,33K","2,70%"
"04.05.2022","4.552,0","4.747,0","4.772,5","4.526,0","443,42K","-3,14%"
"29.04.2022","4.699,5","4.410,0","4.717,0","4.380,0","865,62K","7,27%"
"28.04.2022","4.381,0","4.551,0","4.740,0","4.318,0","923,46K","-3,71%"
"27.04.2022","4.550,0","4.325,0","4.559,0","4.276,0","783,96K","6,01%"
"26.04.2022","4.292,0","3.970,5","4.587,5","3.960,5","1,35M","9,18%"
"25.04.2022","3.931,0","3.828,0","3.994,0","3.710,5","560,39K","2,69%"
"22.04.2022","3.828,0","3.974,0","4.044,0","3.682,0","1,65M","-3,67%"
"21.04.2022","3.974,0","4.331,5","4.340,0","3.910,0","1,22M","-7,80%"
"20.04.2022","4.310,0","4.498,5","4.536,0","4.215,5","726,09K","-3,90%"
"19.04.2022","4.485,0","4.592,0","4.592,0","4.108,0","708,76K","-1,41%"
"18.04.2022","4.549,0","4.913,0","4.948,0","4.524,0","407,46K","-7,03%"
"15.04.2022","4.893,0","4.879,0","4.956,0","4.800,0","151,32K","0,28%"
"14.04.2022","4.879,5","5.115,5","5.120,0","4.862,0","199,12K","-4,44%"
"13.04.2022","5.106,0","5.179,5","5.209,0","5.056,0","160,93K","-0,76%"
"12.04.2022","5.145,0","5.200,0","5.250,0","5.026,0","219,89K","-0,87%"
"11.04.2022","5.190,0","5.225,0","5.385,0","5.184,0","144,62K","-0,70%"
"08.04.2022","5.226,5","5.299,5","5.319,5","5.087,0","199,67K","-1,01%"
"07.04.2022","5.280,0","5.260,0","5.356,0","5.240,0","264,68K","0,27%"
"06.04.2022","5.266,0","5.314,0","5.514,0","5.224,5","195,34K","-0,90%"
"05.04.2022","5.314,0","5.574,0","5.590,0","5.220,0","245,01K","-4,37%"
"04.04.2022","5.557,0","5.698,0","5.750,0","5.395,0","304,18K","-0,79%"
"01.04.2022","5.601,0","5.660,0","5.868,0","5.450,0","385,73K","-1,39%"
"31.03.2022","5.680,0","5.120,0","5.680,0","5.100,0","469,08K","10,51%"
"30.03.2022","5.140,0","5.050,0","5.140,0","5.000,0","287,53K","4,43%"
"29.03.2022","4.922,0","5.118,0","5.350,0","4.800,0","642,27K","-3,83%"
"28.03.2022","5.118,0","5.200,0","5.200,0","4.915,0","228,86K","-1,69%"
"25.03.2022","5.206,0","5.600,0","5.761,0","5.022,0","875,18K","-5,77%"
"24.03.2022","5.525,0","5.302,5","5.993,0","5.300,0","1,20M","12,41%"
"25.02.2022","4.915,0","4.400,0","5.360,0","4.400,0","2,01M","5,70%"
"24.02.2022","4.650,0","5.410,5","5.410,5","3.019,5","4,69M","-22,76%"
"22.02.2022","6.020,0","5.805,0","6.050,0","5.479,0","5,90M","3,61%"
"21.02.2022","5.810,0","6.480,0","6.649,0","5.609,5","4,54M","-10,01%"
"18.02.2022","6.456,5","6.739,0","6.832,0","6.415,0","1,70M","-4,11%"
"17.02.2022","6.733,0","6.956,5","6.968,0","6.650,0","1,74M","-3,40%"
"16.02.2022","6.970,0","7.028,0","7.068,0","6.902,5","1,18M","-0,13%"
"15.02.2022","6.979,0","6.840,0","7.077,5","6.783,0","1,78M","2,69%"
"14.02.2022","6.796,0","6.684,0","6.885,0","6.524,5","1,95M","1,32%"
"11.02.2022","6.707,5","6.960,0","7.000,0","6.624,5","1,89M","-3,97%"
"10.02.2022","6.984,5","6.970,0","7.084,0","6.894,0","1,38M","0,16%"
"09.02.2022","6.973,5","6.966,5","7.009,0","6.900,0","1,55M","0,23%"
"08.02.2022","6.957,5","6.985,0","7.044,0","6.938,0","931,31K","-0,44%"
"07.02.2022","6.988,0","7.047,0","7.060,0","6.825,5","977,37K","-0,31%"
"04.02.2022","7.010,0","6.897,0","7.110,0","6.892,0","1,75M","2,10%"
"03.02.2022","6.865,5","7.026,5","7.030,0","6.794,5","1,32M","-2,48%"
"02.02.2022","7.040,0","6.975,0","7.050,0","6.936,0","983,00K","0,92%"
"01.02.2022","6.976,0","6.884,0","7.013,5","6.826,0","1,23M","1,42%"
"31.01.2022","6.878,0","6.810,0","6.910,0","6.780,0","1,30M","1,52%"
"28.01.2022","6.775,0","6.784,0","6.945,0","6.755,0","1,58M","-0,54%"
"27.01.2022","6.811,5","6.498,0","6.900,0","6.432,0","2,12M","4,38%"
"26.01.2022","6.525,5","6.542,0","6.690,0","6.405,0","2,23M","-0,27%"
"25.01.2022","6.543,0","6.270,0","6.562,5","6.177,5","2,08M","3,97%"
"24.01.2022","6.293,0","6.445,0","6.479,0","6.078,0","2,94M","-1,98%"
"21.01.2022","6.420,0","6.400,0","6.514,0","6.310,0","1,94M","-0,16%"
"20.01.2022","6.430,0","6.549,0","6.683,0","6.324,0","2,24M","-0,99%"
"19.01.2022","6.494,0","6.250,0","6.670,0","6.020,0","3,24M","3,90%"
"18.01.2022","6.250,0","6.548,0","6.587,0","6.132,0","3,68M","-4,08%"
"17.01.2022","6.516,0","6.668,0","6.734,0","6.445,0","1,58M","-2,15%"
"14.01.2022","6.659,0","6.699,0","6.791,0","6.469,0","2,08M","-0,09%"
"13.01.2022","6.665,0","6.927,0","6.951,5","6.610,0","1,77M","-4,24%"
"12.01.2022","6.960,0","6.814,5","6.969,0","6.770,0","1,27M","2,11%"
"11.01.2022","6.816,0","6.799,0","6.850,0","6.732,5","926,30K","0,61%"
"10.01.2022","6.775,0","6.730,0","6.880,0","6.650,5","1,24M","1,13%"
"06.01.2022","6.699,0","6.530,0","6.706,0","6.459,0","906,40K","2,71%"
"05.01.2022","6.522,0","6.715,5","6.755,0","6.501,0","972,89K","-3,06%"
"04.01.2022","6.728,0","6.688,0","6.741,0","6.627,0","551,24K","0,67%"
"03.01.2022","6.683,0","6.592,0","6.705,5","6.586,0","610,92K","1,67%"
"30.12.2021","6.573,0","6.516,5","6.597,0","6.480,0","768,28K","0,87%"
"29.12.2021","6.516,0","6.488,0","6.525,0","6.421,0","842,31K","0,59%"
"28.12.2021","6.478,0","6.395,0","6.559,5","6.377,0","994,80K","1,26%"
"27.12.2021","6.397,5","6.321,5","6.398,5","6.315,0","515,60K","1,33%"
"24.12.2021","6.313,5","6.300,0","6.328,0","6.220,5","385,83K","0,14%"
"23.12.2021","6.304,5","6.359,0","6.380,0","6.285,0","665,46K","-0,71%"
"22.12.2021","6.349,5","6.368,5","6.393,5","6.319,5","838,94K","0,02%"
"21.12.2021","6.348,5","6.350,0","6.428,0","6.285,0","1,12M","0,32%"
"20.12.2021","6.328,5","6.344,0","6.368,0","6.237,0","1,73M","-5,12%"
"17.12.2021","6.670,0","6.737,5","6.765,0","6.603,5","2,01M","-0,88%"
"16.12.2021","6.729,0","6.604,5","6.779,0","6.595,0","1,75M","2,03%"
"15.12.2021","6.595,0","6.591,0","6.625,0","6.447,0","1,12M","0,05%"
"14.12.2021","6.592,0","6.399,5","6.628,0","5.912,5","2,09M","3,39%"
"13.12.2021","6.376,0","6.630,0","6.700,0","6.352,0","1,54M","-3,68%"
"10.12.2021","6.619,5","6.624,5","6.673,0","6.568,5","675,35K","0,01%"
"09.12.2021","6.619,0","6.594,0","6.636,0","6.501,5","1,23M","0,68%"
"08.12.2021","6.574,5","6.721,0","6.784,5","6.510,0","2,08M","-2,17%"
"07.12.2021","6.720,5","6.664,0","6.766,5","6.645,0","2,17M","1,06%"
"06.12.2021","6.650,0","6.690,0","6.740,0","6.500,0","1,17M","0,16%"
"03.12.2021","6.639,5","6.751,0","6.770,0","6.571,5","843,40K","-1,37%"
"02.12.2021","6.732,0","6.611,0","6.768,0","6.558,0","1,46M","2,36%"
"01.12.2021","6.576,5","6.600,0","6.740,5","6.543,0","1,74M","0,97%"
"30.11.2021","6.513,0","6.502,0","6.688,5","6.418,5","2,73M","-1,56%"
"29.11.2021","6.616,0","6.510,0","6.713,0","6.480,0","1,81M","3,80%"
"26.11.2021","6.374,0","6.462,0","6.516,5","6.335,5","2,18M","-4,32%"
"25.11.2021","6.661,5","6.814,5","6.890,5","6.655,0","1,08M","-2,25%"
"24.11.2021","6.814,5","6.850,5","6.891,0","6.686,5","1,37M","-0,22%"
"23.11.2021","6.829,5","6.551,0","6.837,0","6.490,0","1,59M","3,86%"
"22.11.2021","6.575,5","6.690,0","6.756,5","6.532,0","1,75M","-1,99%"
"19.11.2021","6.709,0","6.897,0","6.902,5","6.660,0","1,37M","-1,92%"
"18.11.2021","6.840,0","6.832,0","6.887,0","6.783,5","815,01K","-0,65%"
"17.11.2021","6.884,5","6.945,0","6.950,0","6.840,0","1,15M","-0,89%"
"16.11.2021","6.946,5","6.956,0","7.006,0","6.905,0","847,55K","0,40%"
"15.11.2021","6.918,5","6.852,0","6.979,5","6.815,0","910,01K","0,59%"
"12.11.2021","6.878,0","7.061,5","7.067,0","6.835,0","1,94M","-3,05%"
"11.11.2021","7.094,5","7.158,0","7.171,0","6.969,0","1,09M","-0,60%"
"10.11.2021","7.137,5","7.209,0","7.266,0","7.120,0","656,16K","-0,70%"
"09.11.2021","7.188,0","7.200,0","7.255,0","7.117,5","792,62K","-0,28%"
"08.11.2021","7.208,5","7.240,0","7.275,0","7.202,0","511,33K","0,13%"
"05.11.2021","7.199,0","7.132,0","7.205,0","7.082,0","593,78K","0,33%"
"03.11.2021","7.175,0","7.190,0","7.202,5","7.125,0","595,46K","-0,54%"
"02.11.2021","7.214,0","7.304,0","7.394,0","7.193,5","947,12K","-1,08%"
"01.11.2021","7.293,0","7.265,0","7.327,5","7.242,0","595,25K","0,28%"
"29.10.2021","7.272,5","7.260,0","7.315,0","7.118,0","1,31M","-0,22%"
"28.10.2021","7.288,5","7.286,0","7.320,0","7.190,0","1,38M","-0,48%"
"27.10.2021","7.323,5","7.405,0","7.486,5","7.322,0","747,02K","-1,57%"
"26.10.2021","7.440,5","7.449,0","7.525,0","7.381,0","1,14M","-0,01%"
"25.10.2021","7.441,5","7.239,0","7.483,0","7.215,0","1,35M","3,35%"
"22.10.2021","7.200,0","7.213,0","7.314,5","7.172,0","818,28K","-0,44%"
"21.10.2021","7.232,0","7.400,0","7.429,0","7.202,5","930,44K","-2,78%"
"20.10.2021","7.439,0","7.363,0","7.460,0","7.320,0","855,93K","0,90%"
"19.10.2021","7.373,0","7.336,0","7.373,0","7.240,5","761,34K","0,74%"
"18.10.2021","7.319,0","7.320,0","7.364,0","7.271,5","712,41K","0,17%"
"15.10.2021","7.306,5","7.252,0","7.318,0","7.195,0","951,70K","1,27%"
"14.10.2021","7.215,0","7.285,5","7.319,0","7.172,0","805,59K","-0,51%"
"13.10.2021","7.252,0","7.333,0","7.333,5","7.070,5","1,26M","-0,74%"
"12.10.2021","7.306,0","7.210,0","7.332,0","7.192,0","818,74K","0,58%"
"11.10.2021","7.264,0","7.299,5","7.320,0","7.253,0","741,97K","0,61%"
"08.10.2021","7.220,0","7.205,0","7.279,0","7.170,5","923,16K","0,77%"
"07.10.2021","7.165,0","7.132,0","7.189,5","6.984,5","1,28M","0,97%"
"06.10.2021","7.096,0","7.410,0","7.417,0","7.030,0","1,55M","-3,41%"
"05.10.2021","7.346,5","7.160,0","7.417,0","7.123,0","1,67M","2,97%"
"04.10.2021","7.134,5","7.000,0","7.160,5","6.940,5","1,57M","2,10%"
"01.10.2021","6.987,5","6.866,0","6.990,0","6.835,0","698,38K","1,22%"
"30.09.2021","6.903,5","7.010,0","7.039,0","6.850,5","1,43M","-1,27%"
"29.09.2021","6.992,0","6.929,0","7.030,0","6.900,5","1,06M","0,34%"
"28.09.2021","6.968,0","7.015,0","7.141,5","6.964,0","1,47M","-0,26%"
"27.09.2021","6.986,0","6.900,0","7.003,0","6.871,0","1,41M","2,36%"
"24.09.2021","6.825,0","6.800,0","6.859,5","6.740,5","825,32K","0,35%"
"23.09.2021","6.801,0","6.750,0","6.801,0","6.707,0","968,05K","1,48%"
"22.09.2021","6.702,0","6.652,5","6.721,5","6.622,0","669,17K","1,47%"
"21.09.2021","6.605,0","6.579,0","6.660,0","6.557,0","918,00K","0,82%"
"20.09.2021","6.551,0","6.540,0","6.596,5","6.494,0","869,59K","-0,75%"
"17.09.2021","6.600,5","6.670,5","6.673,0","6.565,0","1,33M","-0,95%"
"16.09.2021","6.664,0","6.693,0","6.800,0","6.565,0","1,76M","-0,90%"
"15.09.2021","6.724,5","6.600,0","6.767,0","6.583,5","1,49M","2,35%"
"14.09.2021","6.570,0","6.441,0","6.600,0","6.428,5","1,83M","2,33%"
"13.09.2021","6.420,5","6.321,0","6.423,5","6.308,0","806,70K","1,91%"
"10.09.2021","6.300,0","6.300,0","6.339,0","6.272,0","749,57K","0,49%"
"09.09.2021","6.269,5","6.330,0","6.354,5","6.261,0","828,09K","-1,14%"
"08.09.2021","6.341,5","6.282,0","6.354,0","6.246,5","1,08M","0,98%"
"07.09.2021","6.280,0","6.335,0","6.338,5","6.268,5","791,77K","-0,71%"
"06.09.2021","6.325,0","6.327,0","6.372,0","6.314,5","561,61K","-0,08%"
"03.09.2021","6.330,0","6.364,0","6.366,0","6.301,0","653,65K","-0,32%"
"02.09.2021","6.350,5","6.330,0","6.408,0","6.278,5","1,13M","0,26%"
"01.09.2021","6.334,0","6.300,0","6.351,0","6.264,0","1,11M","0,80%"
"31.08.2021","6.283,5","6.438,0","6.449,0","6.221,0","2,06M","-2,41%"
"30.08.2021","6.439,0","6.445,0","6.471,5","6.403,5","504,82K","0,15%"
"27.08.2021","6.429,5","6.373,0","6.443,0","6.325,5","770,49K","1,36%"
"26.08.2021","6.343,5","6.420,0","6.430,0","6.308,0","610,56K","-1,36%"
"25.08.2021","6.431,0","6.462,0","6.483,0","6.420,5","407,06K","-0,88%"
"24.08.2021","6.488,0","6.500,0","6.521,5","6.408,0","634,45K","0,19%"
"23.08.2021","6.475,5","6.394,0","6.489,0","6.371,0","752,25K","2,15%"
"20.08.2021","6.339,5","6.315,0","6.348,0","6.262,5","561,42K","0,12%"
"19.08.2021","6.332,0","6.401,0","6.424,5","6.255,0","1,24M","-1,75%"
"18.08.2021","6.445,0","6.605,0","6.615,0","6.444,5","757,48K","-1,87%"
"17.08.2021","6.567,5","6.475,0","6.615,0","6.441,5","1,15M","1,11%"
"16.08.2021","6.495,5","6.400,0","6.503,0","6.369,5","622,02K","1,03%"
"13.08.2021","6.429,5","6.490,0","6.512,0","6.406,0","572,57K","-1,15%"
"12.08.2021","6.504,5","6.450,0","6.530,0","6.431,5","621,42K","0,84%"
"11.08.2021","6.450,0","6.438,0","6.487,5","6.400,0","918,50K","0,41%"
"10.08.2021","6.423,5","6.324,5","6.427,5","6.322,0","997,68K","2,12%"
"09.08.2021","6.290,0","6.198,0","6.310,0","6.110,5","790,81K","0,87%"
"06.08.2021","6.236,0","6.319,0","6.328,5","6.227,0","727,81K","-1,20%"
"05.08.2021","6.312,0","6.215,0","6.312,0","6.211,5","578,50K","1,23%"
"04.08.2021","6.235,0","6.310,0","6.333,5","6.226,0","755,59K","-0,98%"
"03.08.2021","6.297,0","6.302,0","6.330,0","6.205,5","999,61K","-0,17%"
"02.08.2021","6.308,0","6.308,5","6.380,0","6.260,0","893,45K","0,14%"
"30.07.2021","6.299,0","6.395,0","6.402,0","6.266,5","1,13M","-1,82%"
"29.07.2021","6.416,0","6.445,0","6.455,5","6.382,5","675,05K","0,02%"
"28.07.2021","6.415,0","6.346,0","6.427,0","6.342,0","687,71K","1,30%"
"27.07.2021","6.332,5","6.375,0","6.401,5","6.292,0","648,66K","-1,13%"
"26.07.2021","6.405,0","6.371,0","6.408,0","6.315,0","646,24K","-0,44%"
"23.07.2021","6.433,5","6.467,5","6.477,5","6.380,5","737,09K","-0,35%"
"22.07.2021","6.456,0","6.401,5","6.467,0","6.330,5","866,93K","0,99%"
"21.07.2021","6.393,0","6.291,0","6.408,5","6.265,5","910,01K","1,36%"
"20.07.2021","6.307,5","6.270,0","6.330,0","6.205,0","1,05M","1,28%"
"19.07.2021","6.228,0","6.303,5","6.339,0","6.213,5","927,95K","-2,11%"
"16.07.2021","6.362,0","6.397,0","6.479,5","6.327,5","783,18K","-1,07%"
"15.07.2021","6.430,5","6.550,0","6.552,0","6.403,0","974,16K","-2,06%"
"14.07.2021","6.566,0","6.631,0","6.750,0","6.562,0","1,14M","-1,07%"
"13.07.2021","6.637,0","6.625,0","6.646,0","6.580,0","650,20K","0,39%"
"12.07.2021","6.611,0","6.650,0","6.650,0","6.573,0","539,90K","-0,66%"
"09.07.2021","6.655,0","6.668,0","6.717,0","6.618,0","844,39K","-0,43%"
"08.07.2021","6.684,0","6.740,0","6.750,0","6.597,0","1,03M","-1,45%"
"07.07.2021","6.782,0","6.825,0","6.904,5","6.732,5","935,13K","-0,69%"
"06.07.2021","6.829,0","6.870,0","6.939,0","6.824,0","1,54M","-0,23%"
"05.07.2021","6.845,0","6.878,0","6.878,0","6.767,0","387,18K","-0,06%"
"02.07.2021","6.849,0","6.827,0","6.920,0","6.810,5","999,68K","-2,30%"
"01.07.2021","7.010,0","6.770,0","7.013,0","6.762,0","1,49M","3,66%"
"30.06.2021","6.762,5","6.686,0","6.804,5","6.617,0","1,15M","1,16%"
"29.06.2021","6.685,0","6.730,5","6.749,0","6.642,5","1,29M","-1,09%"
"28.06.2021","6.759,0","6.810,0","6.867,0","6.744,0","805,12K","-0,75%"
"25.06.2021","6.810,0","6.712,0","6.813,0","6.710,5","882,07K","1,26%"
"24.06.2021","6.725,0","6.632,5","6.759,0","6.620,0","1,48M","1,39%"
"23.06.2021","6.633,0","6.733,0","6.741,5","6.621,0","1,06M","-1,23%"
"22.06.2021","6.715,5","6.737,5","6.769,0","6.663,0","1,07M","0,28%"
"21.06.2021","6.697,0","6.645,0","6.700,0","6.603,0","687,14K","0,66%"
"18.06.2021","6.653,0","6.640,0","6.710,0","6.606,0","1,87M","-0,25%"
"17.06.2021","6.669,5","6.570,0","6.746,0","6.560,5","1,68M","1,18%"
"16.06.2021","6.591,5","6.524,0","6.637,5","6.522,5","1,18M","1,34%"
"15.06.2021","6.504,5","6.530,0","6.530,0","6.431,0","828,00K","-0,16%"
"14.06.2021","6.515,0","6.528,0","6.547,5","6.447,0","581,60K","-0,05%"
"11.06.2021","6.518,5","6.570,0","6.607,5","6.488,0","578,71K","-0,78%"
"10.06.2021","6.570,0","6.575,5","6.660,5","6.548,0","1,09M","-0,26%"
"09.06.2021","6.587,0","6.525,0","6.595,5","6.487,0","942,96K","1,27%"
"08.06.2021","6.504,5","6.530,0","6.564,5","6.400,0","1,37M","-0,77%"
"07.06.2021","6.555,0","6.489,5","6.590,0","6.460,0","919,19K","0,68%"
"04.06.2021","6.511,0","6.472,0","6.570,0","6.442,0","1,52M","0,56%"
"03.06.2021","6.474,5","6.460,0","6.499,0","6.327,0","1,96M","0,72%"
"02.06.2021","6.428,0","6.222,0","6.430,0","6.215,0","2,24M","3,51%"
"01.06.2021","6.210,0","6.021,0","6.223,0","6.017,0","2,08M","3,62%"
"31.05.2021","5.993,0","5.957,0","6.010,5","5.951,0","393,17K","0,64%"
"28.05.2021","5.955,0","6.012,0","6.030,0","5.936,0","734,31K","-0,62%"
"27.05.2021","5.992,0","6.000,0","6.012,0","5.915,0","1,61M","-0,41%"
"26.05.2021","6.016,5","5.923,0","6.019,5","5.918,0","1,17M","1,75%"
"25.05.2021","5.913,0","5.835,0","5.975,5","5.823,0","1,09M","1,63%"
"24.05.2021","5.818,0","5.831,5","5.859,5","5.774,0","572,35K","0,30%"
"21.05.2021","5.800,5","5.719,0","5.852,0","5.697,0","1,12M","1,57%"
"20.05.2021","5.711,0","5.855,0","5.863,5","5.681,0","1,35M","-2,58%"
"19.05.2021","5.862,5","5.969,0","5.978,0","5.767,5","1,73M","-2,19%"
"18.05.2021","5.994,0","6.000,0","6.043,0","5.962,5","1,81M","0,30%"
"17.05.2021","5.976,0","6.020,0","6.026,0","5.868,5","1,72M","-1,22%"
"14.05.2021","6.050,0","6.052,5","6.077,0","6.002,0","506,01K","0,17%"
"13.05.2021","6.040,0","6.100,0","6.127,0","5.999,5","1,17M","-1,29%"
"12.05.2021","6.119,0","6.028,0","6.205,0","6.003,5","1,43M","1,63%"
"11.05.2021","6.021,0","6.093,5","6.093,5","5.948,0","1,25M","-1,59%"
"10.05.2021","6.118,0","6.097,0","6.203,0","6.093,0","1,04M","0,49%"
"07.05.2021","6.088,0","6.104,0","6.122,5","6.042,5","726,51K","0,02%"
"06.05.2021","6.087,0","6.122,0","6.185,0","6.061,0","1,02M","-0,57%"
"05.05.2021","6.122,0","6.010,0","6.156,0","5.985,5","1,34M","2,19%"
"04.05.2021","5.991,0","5.824,0","5.999,0","5.815,0","1,37M","3,20%"
"30.04.2021","5.805,0","5.917,5","5.945,0","5.760,0","1,38M","-2,04%"
"29.04.2021","5.926,0","5.931,0","5.945,0","5.875,0","1,02M","0,42%"
"28.04.2021","5.901,0","5.906,0","5.945,0","5.844,0","891,58K","-0,04%"
"27.04.2021","5.903,5","5.917,0","5.966,5","5.870,5","763,49K","-0,26%"
"26.04.2021","5.919,0","5.952,0","5.971,0","5.892,5","841,03K","-0,52%"
"23.04.2021","5.950,0","6.020,0","6.027,5","5.931,0","855,97K","-0,82%"
"22.04.2021","5.999,0","5.945,0","6.057,0","5.886,5","1,31M","0,89%"
"21.04.2021","5.946,0","5.882,0","5.966,5","5.876,5","850,75K","0,83%"
"20.04.2021","5.897,0","6.021,5","6.061,0","5.840,0","1,45M","-1,83%"
"19.04.2021","6.007,0","6.059,0","6.087,0","5.986,0","555,68K","-0,97%"
"16.04.2021","6.066,0","6.089,0","6.104,0","6.025,0","761,54K","0,19%"
"15.04.2021","6.054,5","6.088,5","6.118,5","6.017,0","1,19M","-1,30%"
"14.04.2021","6.134,0","6.080,0","6.168,5","5.975,0","1,34M","1,48%"
"13.04.2021","6.044,5","6.003,5","6.055,0","5.946,5","752,39K","0,41%"
"12.04.2021","6.020,0","5.900,0","6.037,0","5.886,5","1,27M","1,47%"
"09.04.2021","5.933,0","6.001,0","6.006,0","5.867,0","1,15M","-1,26%"
"08.04.2021","6.008,5","5.990,0","6.068,0","5.945,0","768,59K","0,51%"
"07.04.2021","5.978,0","5.893,5","6.001,0","5.842,0","1,42M","1,48%"
"06.04.2021","5.891,0","6.008,0","6.024,0","5.871,5","1,17M","-1,66%"
"05.04.2021","5.990,5","6.095,0","6.095,0","5.951,0","856,54K","-1,93%"
"02.04.2021","6.108,5","6.120,5","6.137,0","6.076,5","236,12K","-0,06%"
"01.04.2021","6.112,0","6.152,5","6.189,0","6.015,0","1,14M","0,01%"
"31.03.2021","6.111,5","6.172,5","6.188,0","6.097,5","833,98K","-0,71%"
"30.03.2021","6.155,0","6.268,0","6.316,5","6.125,5","945,19K","-1,64%"
"29.03.2021","6.257,5","6.233,0","6.278,0","6.174,0","818,55K","-0,41%"
"26.03.2021","6.283,0","6.200,0","6.289,0","6.194,0","1,20M","1,63%"
"25.03.2021","6.182,0","6.155,0","6.195,5","6.056,0","1,16M","0,32%"
"24.03.2021","6.162,5","5.999,5","6.231,0","5.976,0","1,53M","3,38%"
"23.03.2021","5.961,0","6.088,0","6.098,0","5.951,0","1,73M","-2,57%"
"22.03.2021","6.118,0","6.063,0","6.167,0","5.980,0","1,22M","0,66%"
"19.03.2021","6.078,0","6.073,0","6.149,0","5.960,0","2,91M","-0,08%"
"18.03.2021","6.083,0","6.369,0","6.373,5","6.059,0","2,14M","-4,40%"
"17.03.2021","6.363,0","6.450,0","6.475,0","6.294,0","1,61M","-1,27%"
"16.03.2021","6.445,0","6.451,0","6.470,5","6.314,0","1,91M","-0,42%"
"15.03.2021","6.472,5","6.381,0","6.480,0","6.360,0","1,70M","1,83%"
"12.03.2021","6.356,0","6.310,5","6.377,0","6.267,0","950,68K","0,27%"
"11.03.2021","6.339,0","6.150,0","6.339,0","6.109,5","1,53M","3,45%"
"10.03.2021","6.127,5","6.276,0","6.300,5","6.084,0","1,64M","-2,82%"
"09.03.2021","6.305,0","6.200,0","6.405,0","6.167,0","1,98M","1,11%"
"05.03.2021","6.236,0","5.852,0","6.245,0","5.852,0","3,84M","7,41%"
"04.03.2021","5.806,0","5.719,0","5.955,0","5.690,0","1,94M","1,84%"
"03.03.2021","5.701,0","5.682,0","5.747,5","5.631,5","889,04K","0,93%"
"02.03.2021","5.648,5","5.610,0","5.676,0","5.592,0","771,44K","0,26%"
"01.03.2021","5.634,0","5.623,0","5.660,0","5.590,5","1,04M","1,05%"
"26.02.2021","5.575,5","5.707,0","5.794,5","5.545,0","2,51M","-2,87%"
"25.02.2021","5.740,5","5.804,5","5.888,0","5.731,0","1,65M","-0,83%"
"24.02.2021","5.788,5","5.751,0","5.791,0","5.676,5","1,14M","0,04%"
"22.02.2021","5.786,0","5.650,5","5.797,0","5.592,0","1,19M","2,72%"
"20.02.2021","5.633,0","5.657,0","5.659,0","5.602,5","123,12K","-0,41%"
"19.02.2021","5.656,0","5.576,0","5.697,0","5.561,0","1,24M","0,73%"
"18.02.2021","5.615,0","5.761,0","5.784,0","5.588,5","1,26M","-2,66%"
"17.02.2021","5.768,5","5.865,0","5.876,5","5.682,0","1,29M","-1,70%"
"16.02.2021","5.868,5","5.918,0","5.930,0","5.805,5","933,84K","-0,69%"
"15.02.2021","5.909,5","5.820,0","5.910,0","5.772,0","1,14M","2,67%"
"12.02.2021","5.756,0","5.624,5","5.756,5","5.501,0","1,27M","2,03%"
"11.02.2021","5.641,5","5.581,0","5.690,0","5.546,0","706,00K","0,84%"
"10.02.2021","5.594,5","5.699,5","5.712,5","5.560,0","1,34M","-1,76%"
"09.02.2021","5.695,0","5.780,5","5.796,0","5.654,0","1,05M","-1,09%"
"08.02.2021","5.758,0","5.750,0","5.797,5","5.698,0","963,99K","0,75%"
"05.02.2021","5.715,0","5.742,0","5.770,5","5.644,0","1,13M","0,27%"
"04.02.2021","5.699,5","5.565,0","5.728,5","5.529,0","2,27M","2,60%"
"03.02.2021","5.555,0","5.554,0","5.642,0","5.491,5","1,80M","0,71%"
"02.02.2021","5.516,0","5.427,5","5.577,0","5.407,5","2,45M","2,03%"
"01.02.2021","5.406,0","5.420,0","5.426,0","5.296,5","2,11M","0,54%"
"29.01.2021","5.377,0","5.552,0","5.561,5","5.365,5","2,02M","-3,55%"
"28.01.2021","5.575,0","5.467,0","5.617,0","5.442,5","1,69M","1,37%"
"27.01.2021","5.499,5","5.619,5","5.631,0","5.484,0","1,73M","-1,72%"
"26.01.2021","5.595,5","5.681,0","5.703,5","5.553,0","1,62M","-2,21%"
"25.01.2021","5.722,0","5.755,0","5.797,5","5.675,0","1,32M","-0,32%"
"22.01.2021","5.740,5","5.701,0","5.787,0","5.626,0","1,64M","-0,53%"
"21.01.2021","5.771,0","5.884,5","5.921,5","5.710,0","1,83M","-1,59%"
"20.01.2021","5.864,0","5.907,0","5.962,0","5.843,0","966,47K","-0,48%"
"19.01.2021","5.892,0","5.913,0","5.968,0","5.854,0","1,24M","0,32%"
"18.01.2021","5.873,0","5.865,0","5.902,0","5.802,5","1,31M","-0,26%"
"15.01.2021","5.888,5","5.882,5","5.995,0","5.852,0","1,92M","-0,82%"
"14.01.2021","5.937,0","5.750,0","5.957,5","5.715,0","2,11M","3,16%"
"13.01.2021","5.755,0","5.750,0","5.827,0","5.706,0","2,05M","0,59%"
"12.01.2021","5.721,0","5.616,0","5.724,5","5.615,0","1,75M","2,18%"
"11.01.2021","5.599,0","5.510,0","5.639,0","5.451,0","2,05M","0,76%"
"08.01.2021","5.556,5","5.450,0","5.557,5","5.425,0","2,07M","3,35%"
"06.01.2021","5.376,5","5.375,0","5.401,0","5.304,0","1,39M","0,34%"
"05.01.2021","5.358,5","5.214,5","5.359,0","5.180,0","1,18M","2,80%"
"04.01.2021","5.212,5","5.238,5","5.274,5","5.186,5","778,34K","0,83%"
"30.12.2020","5.169,5","5.149,5","5.204,0","5.146,0","790,05K","0,52%"
"29.12.2020","5.143,0","5.115,5","5.170,0","5.114,0","661,21K","0,81%"
"28.12.2020","5.101,5","5.114,0","5.175,5","5.101,0","688,23K","-0,09%"
"25.12.2020","5.106,0","5.114,5","5.114,5","5.087,5","134,72K","0,01%"
"24.12.2020","5.105,5","5.128,5","5.148,0","5.082,5","434,56K","-0,03%"
"23.12.2020","5.107,0","5.070,0","5.130,0","5.047,5","659,20K","0,67%"
"22.12.2020","5.073,0","5.040,5","5.138,0","5.040,5","1,16M","-0,44%"
"21.12.2020","5.095,5","5.061,5","5.115,0","4.938,5","2,46M","-0,87%"
"18.12.2020","5.140,0","5.173,0","5.176,5","5.075,0","2,73M","-0,93%"
"17.12.2020","5.188,0","5.180,0","5.244,5","5.104,0","2,02M","0,27%"
"16.12.2020","5.174,0","5.299,5","5.307,0","5.105,0","2,29M","-2,33%"
"15.12.2020","5.297,5","5.306,5","5.399,5","5.220,0","1,49M","-0,52%"
"14.12.2020","5.325,0","5.420,0","5.494,0","5.262,0","2,11M","-1,02%"
"11.12.2020","5.380,0","5.298,5","5.420,0","5.275,0","2,28M","1,76%"
"10.12.2020","5.287,0","5.006,5","5.338,0","5.005,5","2,58M","5,26%"
"09.12.2020","5.023,0","5.004,0","5.128,0","4.980,0","1,55M","0,58%"
"08.12.2020","4.994,0","5.015,5","5.059,0","4.953,0","1,27M","-0,90%"
"07.12.2020","5.039,5","5.103,5","5.143,0","5.035,5","1,19M","-1,61%"
"04.12.2020","5.122,0","5.122,0","5.195,0","5.090,5","1,51M","1,37%"
"03.12.2020","5.053,0","5.172,0","5.184,5","4.988,0","2,01M","-2,21%"
"02.12.2020","5.167,0","5.034,0","5.199,0","5.024,0","1,54M","2,14%"
"01.12.2020","5.058,5","5.072,0","5.121,0","5.022,0","1,51M","-0,09%"
"30.11.2020","5.063,0","5.200,0","5.250,0","4.982,0","3,72M","-3,75%"
"27.11.2020","5.260,0","5.230,0","5.269,5","5.164,5","1,65M","0,32%"
"26.11.2020","5.243,0","5.396,0","5.400,0","5.236,0","1,83M","-2,77%"
"25.11.2020","5.392,5","5.192,0","5.395,0","5.141,5","3,14M","4,11%"
"24.11.2020","5.179,5","5.056,0","5.179,5","5.050,0","2,12M","3,04%"
"23.11.2020","5.026,5","4.962,0","5.046,5","4.945,5","1,81M","1,58%"
"20.11.2020","4.948,5","4.915,0","4.952,0","4.877,5","767,36K","0,66%"
"19.11.2020","4.916,0","4.880,0","4.937,0","4.850,0","1,21M","0,53%"
"18.11.2020","4.890,0","4.841,0","4.972,0","4.818,0","1,37M","0,53%"
"17.11.2020","4.864,0","4.943,0","4.954,0","4.796,5","1,51M","-1,39%"
"16.11.2020","4.932,5","4.901,0","4.949,5","4.861,0","1,40M","1,10%"
"13.11.2020","4.879,0","4.830,0","4.900,0","4.795,0","947,19K","0,54%"
"12.11.2020","4.853,0","4.900,0","4.939,5","4.821,5","1,87M","-1,86%"
"11.11.2020","4.945,0","4.920,5","4.996,0","4.916,5","2,67M","1,24%"
"10.11.2020","4.884,5","4.750,0","4.950,0","4.702,0","3,27M","2,72%"
"09.11.2020","4.755,0","4.455,0","4.820,0","4.420,0","4,57M","8,17%"
"06.11.2020","4.396,0","4.306,0","4.418,5","4.272,0","1,37M","1,72%"
"05.11.2020","4.321,5","4.300,5","4.379,0","4.279,5","1,40M","1,63%"
"03.11.2020","4.252,0","4.160,0","4.269,5","4.160,0","1,53M","2,16%"
"02.11.2020","4.162,0","4.020,0","4.165,0","3.992,0","1,70M","2,77%"
"30.10.2020","4.050,0","4.001,0","4.089,0","3.970,0","1,23M","-0,18%"
"29.10.2020","4.057,5","4.035,5","4.080,0","3.996,0","1,38M","1,12%"
"28.10.2020","4.012,5","4.095,0","4.109,5","3.961,0","2,01M","-2,69%"
"27.10.2020","4.123,5","4.235,0","4.249,5","4.111,0","1,24M","-2,36%"
"26.10.2020","4.223,0","4.289,5","4.301,5","4.205,0","884,88K","-2,36%"
"23.10.2020","4.325,0","4.305,0","4.374,5","4.287,5","1,00M","0,41%"
"22.10.2020","4.307,5","4.190,0","4.318,0","4.182,0","1,09M","2,28%"
"21.10.2020","4.211,5","4.297,0","4.297,0","4.202,0","875,04K","-1,37%"
"20.10.2020","4.270,0","4.185,0","4.289,0","4.164,0","951,57K","1,81%"
"19.10.2020","4.194,0","4.280,0","4.296,0","4.171,0","824,38K","-1,39%"
"16.10.2020","4.253,0","4.260,0","4.301,0","4.200,5","1,48M","-0,42%"
"15.10.2020","4.271,0","4.352,0","4.362,5","4.231,0","1,45M","-2,14%"
"14.10.2020","4.364,5","4.371,5","4.385,5","4.326,0","932,16K","-0,23%"
"13.10.2020","4.374,5","4.440,0","4.473,0","4.364,0","798,78K","-1,59%"
"12.10.2020","4.445,0","4.444,0","4.493,5","4.428,0","612,37K","-0,15%"
"09.10.2020","4.451,5","4.510,0","4.510,5","4.411,0","853,41K","-1,03%"
"08.10.2020","4.498,0","4.481,5","4.503,0","4.431,0","954,79K","0,54%"
"07.10.2020","4.474,0","4.504,0","4.527,0","4.398,5","1,17M","-1,01%"
"06.10.2020","4.519,5","4.492,0","4.563,5","4.486,5","1,16M","0,90%"
"05.10.2020","4.479,0","4.405,5","4.487,0","4.363,5","1,23M","2,28%"
"02.10.2020","4.379,0","4.376,5","4.382,5","4.313,0","1,22M","-0,67%"
"01.10.2020","4.408,5","4.489,0","4.506,5","4.390,5","1,03M","-1,38%"
"30.09.2020","4.470,0","4.487,0","4.520,5","4.457,0","1,02M","-0,85%"
"29.09.2020","4.508,5","4.629,0","4.644,5","4.484,0","1,60M","-2,56%"
"28.09.2020","4.627,0","4.574,5","4.634,5","4.552,0","1,05M","1,47%"
"25.09.2020","4.560,0","4.578,5","4.600,5","4.478,0","1,16M","-0,07%"
"24.09.2020","4.563,0","4.459,5","4.584,5","4.410,0","1,63M","2,40%"
"23.09.2020","4.456,0","4.525,0","4.542,0","4.443,5","1,34M","-1,61%"
"22.09.2020","4.529,0","4.504,0","4.560,0","4.458,0","1,45M","0,40%"
"21.09.2020","4.511,0","4.664,0","4.665,0","4.462,0","2,31M","-3,55%"
"18.09.2020","4.677,0","4.805,0","4.815,5","4.655,0","2,92M","-2,43%"
"17.09.2020","4.793,5","4.813,5","4.821,0","4.750,5","1,54M","-1,44%"
"16.09.2020","4.863,5","4.893,0","4.929,5","4.821,5","1,35M","-0,26%"
"15.09.2020","4.876,0","4.755,0","4.884,0","4.735,0","1,50M","2,60%"
"14.09.2020","4.752,5","4.749,5","4.804,5","4.733,0","946,47K","0,57%"
"11.09.2020","4.725,5","4.667,5","4.749,0","4.645,5","822,49K","1,38%"
"10.09.2020","4.661,0","4.716,0","4.736,0","4.631,5","1,07M","-1,02%"
"09.09.2020","4.709,0","4.701,0","4.758,5","4.664,0","1,08M","-0,22%"
"08.09.2020","4.719,5","4.801,0","4.822,0","4.684,5","1,30M","-1,57%"
"07.09.2020","4.795,0","4.829,0","4.850,0","4.790,0","647,62K","-1,30%"
"04.09.2020","4.858,0","4.802,0","4.888,0","4.802,0","964,48K","0,91%"
"03.09.2020","4.814,0","4.840,0","4.898,0","4.795,5","1,51M","-0,78%"
"02.09.2020","4.852,0","4.952,5","4.978,5","4.828,5","1,55M","-1,96%"
"01.09.2020","4.949,0","5.010,0","5.016,0","4.917,0","1,29M","-0,84%"
"31.08.2020","4.991,0","5.095,5","5.128,5","4.960,0","1,42M","-1,79%"
"28.08.2020","5.082,0","5.170,0","5.178,5","5.056,5","777,89K","-1,78%"
"27.08.2020","5.174,0","5.286,0","5.292,5","5.154,0","1,03M","-1,97%"
"26.08.2020","5.278,0","5.230,0","5.288,0","5.197,0","796,12K","1,11%"
"25.08.2020","5.220,0","5.199,5","5.228,0","5.145,0","973,00K","0,66%"
"24.08.2020","5.186,0","5.110,0","5.198,0","5.103,5","880,23K","1,84%"
"21.08.2020","5.092,5","5.150,5","5.158,0","5.027,0","1,04M","-0,88%"
"20.08.2020","5.137,5","5.220,0","5.231,0","5.088,0","1,22M","-2,08%"
"19.08.2020","5.246,5","5.266,0","5.313,0","5.233,0","629,90K","-0,42%"
"18.08.2020","5.268,5","5.255,0","5.296,0","5.231,0","708,17K","-0,25%"
"17.08.2020","5.281,5","5.303,0","5.321,5","5.235,0","678,50K","-0,06%"
"14.08.2020","5.284,5","5.323,0","5.324,0","5.234,5","716,92K","-0,52%"
"13.08.2020","5.312,0","5.300,0","5.387,0","5.252,5","1,02M","0,17%"
"12.08.2020","5.303,0","5.188,5","5.303,5","5.188,0","1,09M","2,57%"
"11.08.2020","5.170,0","5.115,0","5.210,0","5.113,0","1,30M","1,13%"
"10.08.2020","5.112,0","5.100,0","5.153,0","5.090,0","649,40K","0,47%"
"07.08.2020","5.088,0","5.112,5","5.125,5","5.066,0","555,61K","-0,82%"
"06.08.2020","5.130,0","5.150,5","5.174,0","5.091,0","882,24K","-0,12%"
"05.08.2020","5.136,0","5.051,0","5.155,0","5.042,0","1,20M","1,94%"
"04.08.2020","5.038,5","5.052,5","5.060,0","5.002,0","781,02K","0,03%"
"03.08.2020","5.037,0","5.071,0","5.087,0","5.028,0","827,35K","-0,99%"
"31.07.2020","5.087,5","5.114,0","5.130,0","5.051,0","863,15K","-0,54%"
"30.07.2020","5.115,0","5.170,0","5.178,0","5.055,0","1,14M","-1,34%"
"29.07.2020","5.184,5","5.034,0","5.193,0","5.022,0","1,82M","3,22%"
"28.07.2020","5.023,0","5.021,5","5.050,0","4.976,5","1,10M","0,19%"
"27.07.2020","5.013,5","4.992,5","5.039,0","4.978,0","962,02K","0,53%"
"24.07.2020","4.987,0","4.968,0","5.010,0","4.941,5","1,14M","0,26%"
"23.07.2020","4.974,0","5.060,0","5.089,5","4.963,5","1,04M","-1,25%"
"22.07.2020","5.037,0","4.964,5","5.063,0","4.953,0","1,30M","1,70%"
"21.07.2020","4.953,0","4.955,0","5.005,0","4.932,5","1,54M","0,32%"
"20.07.2020","4.937,0","4.948,0","4.970,0","4.910,0","852,69K","-0,19%"
"17.07.2020","4.946,5","4.950,5","4.972,0","4.911,0","558,51K","0,04%"
"16.07.2020","4.944,5","4.929,0","4.974,0","4.895,0","795,47K","-0,10%"
"15.07.2020","4.949,5","4.901,5","4.997,0","4.865,0","2,06M","1,34%"
"14.07.2020","4.884,0","4.933,5","4.933,5","4.784,0","2,05M","-0,86%"
"13.07.2020","4.926,5","5.116,0","5.133,5","4.909,0","1,22M","-3,36%"
"10.07.2020","5.098,0","5.048,5","5.103,0","5.026,5","1,02M","0,22%"
"09.07.2020","5.087,0","5.157,5","5.175,0","5.061,0","1,71M","-6,78%"
"08.07.2020","5.457,0","5.465,0","5.479,0","5.405,0","1,43M","-0,13%"
"07.07.2020","5.464,0","5.475,0","5.492,5","5.429,5","1,01M","-0,36%"
"06.07.2020","5.483,5","5.451,5","5.512,0","5.450,0","1,13M","1,24%"
"03.07.2020","5.416,5","5.415,5","5.431,0","5.375,5","481,27K","0,01%"
"02.07.2020","5.416,0","5.339,5","5.422,0","5.322,5","1,04M","1,94%"
"30.06.2020","5.313,0","5.310,0","5.355,0","5.279,5","918,11K","-0,04%"
"29.06.2020","5.315,0","5.303,0","5.327,0","5.266,5","976,76K","-0,12%"
"26.06.2020","5.321,5","5.388,0","5.407,0","5.303,0","768,88K","-1,34%"
"25.06.2020","5.394,0","5.325,0","5.402,0","5.310,5","1,56M","-1,06%"
"23.06.2020","5.452,0","5.480,0","5.507,0","5.437,5","955,68K","-0,31%"
"22.06.2020","5.469,0","5.436,5","5.504,5","5.392,0","953,89K","0,16%"
"19.06.2020","5.460,0","5.411,5","5.490,0","5.389,0","1,88M","2,11%"
"18.06.2020","5.347,0","5.330,0","5.376,0","5.290,0","1,23M","0,07%"
"17.06.2020","5.343,0","5.418,0","5.441,5","5.301,0","1,36M","-0,91%"
"16.06.2020","5.392,0","5.327,0","5.474,5","5.310,0","1,60M","2,43%"
"15.06.2020","5.264,0","5.220,0","5.278,0","5.120,0","1,76M","-1,61%"
"11.06.2020","5.350,0","5.305,0","5.355,5","5.269,0","1,44M","0,15%"
"10.06.2020","5.342,0","5.410,0","5.432,0","5.314,0","1,52M","-1,53%"
"09.06.2020","5.425,0","5.400,0","5.428,5","5.305,5","1,39M","0,99%"
"08.06.2020","5.372,0","5.490,0","5.527,5","5.351,0","1,56M","-1,61%"
"05.06.2020","5.460,0","5.475,0","5.511,5","5.434,0","1,22M","0,55%"
"04.06.2020","5.430,0","5.530,5","5.553,0","5.430,0","1,48M","-2,15%"
"03.06.2020","5.549,5","5.450,0","5.566,5","5.424,0","2,08M","2,77%"
"02.06.2020","5.400,0","5.357,0","5.433,0","5.340,0","1,36M","1,54%"
"01.06.2020","5.318,0","5.349,5","5.412,5","5.269,0","1,32M","1,44%"
"29.05.2020","5.242,5","5.380,0","5.380,0","5.224,0","2,45M","-2,77%"
"28.05.2020","5.392,0","5.355,0","5.484,5","5.309,0","1,39M","0,74%"
"27.05.2020","5.352,5","5.424,0","5.515,5","5.285,0","1,74M","-1,70%"
"26.05.2020","5.445,0","5.500,0","5.539,5","5.435,0","1,61M","0,60%"
"25.05.2020","5.412,5","5.349,5","5.420,0","5.344,0","619,00K","1,80%"
"22.05.2020","5.317,0","5.190,5","5.348,0","5.166,0","1,59M","0,59%"
"21.05.2020","5.286,0","5.459,0","5.548,0","5.227,0","2,66M","-3,01%"
"20.05.2020","5.450,0","5.275,0","5.471,0","5.238,0","2,24M","3,38%"
"19.05.2020","5.272,0","5.193,0","5.285,0","5.178,5","2,11M","1,96%"
"18.05.2020","5.170,5","4.978,5","5.191,5","4.935,0","2,52M","6,07%"
"15.05.2020","4.874,5","4.933,0","4.968,0","4.874,5","1,66M","0,09%"
"14.05.2020","4.870,0","4.800,0","4.870,0","4.773,0","1,47M","1,06%"
"13.05.2020","4.819,0","4.877,5","4.896,0","4.815,5","1,15M","-1,60%"
"12.05.2020","4.897,5","4.841,0","4.928,0","4.824,0","1,31M","1,36%"
"08.05.2020","4.832,0","4.862,5","4.879,0","4.733,0","1,62M","-0,14%"
"07.05.2020","4.839,0","4.865,0","4.950,0","4.825,0","1,71M","-0,38%"
"06.05.2020","4.857,5","5.000,0","5.014,5","4.825,0","1,87M","-2,36%"
"05.05.2020","4.975,0","4.950,0","4.985,0","4.880,0","1,43M","2,61%"
"04.05.2020","4.848,5","4.787,0","4.909,5","4.751,5","1,26M","0,46%"
"30.04.2020","4.826,5","4.940,0","5.040,0","4.816,5","3,03M","-1,44%"
"29.04.2020","4.897,0","4.779,0","4.940,0","4.750,0","2,89M","3,34%"
"28.04.2020","4.738,5","4.624,0","4.808,0","4.621,0","2,74M","1,90%"
"27.04.2020","4.650,0","4.745,0","4.790,0","4.620,0","1,69M","-2,01%"
"24.04.2020","4.745,5","4.874,5","4.876,0","4.720,0","1,85M","-3,20%"
"23.04.2020","4.902,5","4.894,5","4.979,5","4.730,0","2,56M","1,91%"
"22.04.2020","4.810,5","4.416,5","4.810,5","4.385,5","3,44M","7,50%"
"21.04.2020","4.475,0","4.402,0","4.533,5","4.281,0","3,80M","-1,05%"
"20.04.2020","4.522,5","4.559,5","4.637,0","4.455,0","1,90M","-2,11%"
"17.04.2020","4.620,0","4.696,0","4.697,0","4.545,0","1,69M","1,28%"
"16.04.2020","4.561,5","4.501,5","4.631,0","4.365,0","3,42M","1,73%"
"15.04.2020","4.484,0","4.800,0","4.800,0","4.453,0","2,65M","-7,43%"
"14.04.2020","4.844,0","5.088,0","5.119,5","4.825,0","2,05M","-3,89%"
"13.04.2020","5.040,0","5.118,5","5.125,0","4.933,0","941,58K","-1,75%"
"10.04.2020","5.130,0","5.120,0","5.139,5","5.064,0","716,52K","-1,37%"
"09.04.2020","5.201,0","5.198,0","5.275,0","5.052,0","2,30M","1,19%"
"08.04.2020","5.140,0","5.063,0","5.175,0","5.036,5","1,93M","0,43%"
"07.04.2020","5.118,0","5.260,0","5.260,0","5.052,5","1,84M","-0,87%"
"06.04.2020","5.163,0","5.212,0","5.270,0","5.064,0","2,30M","-0,80%"
"03.04.2020","5.204,5","5.050,0","5.364,0","4.927,0","3,13M","3,06%"
"02.04.2020","5.050,0","4.865,0","5.229,5","4.787,5","3,86M","8,03%"
"01.04.2020","4.674,5","4.596,0","4.734,5","4.564,0","1,92M","-0,86%"
"31.03.2020","4.715,0","4.550,0","4.715,0","4.501,0","2,43M","5,74%"
"30.03.2020","4.459,0","4.355,0","4.459,0","4.313,0","1,73M","0,65%"
"27.03.2020","4.430,0","4.699,0","4.745,0","4.401,5","2,10M","-5,74%"
"26.03.2020","4.700,0","4.555,0","4.700,0","4.484,5","2,00M","2,40%"
"25.03.2020","4.590,0","4.596,0","4.725,0","4.400,0","2,90M","2,14%"
"24.03.2020","4.494,0","4.500,0","4.550,0","4.362,5","2,41M","7,63%"
"23.03.2020","4.175,5","4.250,0","4.409,0","4.122,0","3,41M","-6,64%"
"20.03.2020","4.472,5","4.501,0","4.745,0","4.408,0","5,03M","3,22%"
"19.03.2020","4.333,0","3.830,0","4.484,5","3.663,0","4,78M","15,42%"
"18.03.2020","3.754,0","4.050,5","4.145,0","3.744,0","3,65M","-9,94%"
"17.03.2020","4.168,5","4.215,0","4.326,5","4.030,0","2,25M","-1,94%"
"16.03.2020","4.251,0","4.414,0","4.414,0","4.102,0","2,58M","-3,69%"
"13.03.2020","4.414,0","4.500,0","4.760,0","4.414,0","3,67M","-2,16%"
"12.03.2020","4.511,5","4.625,0","4.745,5","4.487,5","3,69M","-8,08%"
"11.03.2020","4.908,0","4.651,0","4.988,0","4.520,0","4,82M","7,89%"
"10.03.2020","4.549,0","5.033,0","5.083,0","4.450,0","7,53M","-18,65%"
"06.03.2020","5.592,0","5.744,5","5.775,0","5.534,5","2,27M","-4,61%"
"05.03.2020","5.862,5","5.980,0","5.996,0","5.830,0","1,53M","-0,78%"
"04.03.2020","5.908,5","5.740,5","5.928,5","5.701,5","1,60M","2,19%"
"03.03.2020","5.782,0","5.700,0","5.900,0","5.661,0","1,96M","4,18%"
"02.03.2020","5.550,0","5.815,0","5.897,5","5.540,0","2,91M","-2,62%"
"28.02.2020","5.699,5","5.840,0","5.870,0","5.607,0","3,14M","-5,01%"
"27.02.2020","6.000,0","6.140,0","6.186,0","6.000,0","1,51M","-4,10%"
"26.02.2020","6.256,5","6.150,0","6.268,0","6.105,5","1,65M","1,48%"
"25.02.2020","6.165,0","6.300,0","6.348,5","6.150,5","1,44M","-4,42%"
"21.02.2020","6.450,0","6.519,0","6.527,5","6.450,0","613,52K","-1,43%"
"20.02.2020","6.543,5","6.522,0","6.560,0","6.492,5","741,58K","0,53%"
"19.02.2020","6.509,0","6.407,0","6.516,0","6.405,0","636,80K","2,05%"
"18.02.2020","6.378,5","6.441,0","6.442,0","6.350,5","714,08K","-1,31%"
"17.02.2020","6.463,0","6.439,0","6.483,5","6.431,0","350,71K","0,19%"
"14.02.2020","6.451,0","6.486,0","6.498,0","6.410,0","484,61K","-0,30%"
"13.02.2020","6.470,5","6.455,0","6.500,0","6.388,0","713,24K","0,07%"
"12.02.2020","6.466,0","6.397,0","6.466,0","6.384,5","950,70K","1,07%"
"11.02.2020","6.397,5","6.423,0","6.441,5","6.324,5","1,29M","-0,20%"
"10.02.2020","6.410,0","6.450,5","6.451,5","6.350,0","958,34K","-0,63%"
"07.02.2020","6.450,5","6.506,5","6.529,0","6.405,0","946,06K","-0,86%"
"06.02.2020","6.506,5","6.587,5","6.605,0","6.501,0","686,42K","-0,67%"
"05.02.2020","6.550,5","6.517,5","6.595,0","6.452,0","1,11M","0,78%"
"04.02.2020","6.500,0","6.602,5","6.633,0","6.490,0","1,67M","-1,43%"
"03.02.2020","6.594,5","6.517,0","6.600,0","6.517,0","2,68M","0,67%"
"31.01.2020","6.550,5","6.635,0","6.670,0","6.540,5","1,77M","1,66%"
"30.01.2020","6.443,5","6.499,0","6.535,0","6.415,0","1,61M","-2,86%"
"29.01.2020","6.633,0","6.695,5","6.726,0","6.601,5","948,60K","-0,26%"
"28.01.2020","6.650,0","6.565,0","6.657,0","6.503,5","770,63K","1,60%"
"27.01.2020","6.545,0","6.540,0","6.569,5","6.413,0","1,08M","-1,13%"
"24.01.2020","6.620,0","6.604,0","6.650,0","6.592,5","507,80K","0,46%"
"23.01.2020","6.590,0","6.611,0","6.633,5","6.536,5","1,22M","-0,98%"
"22.01.2020","6.655,5","6.719,0","6.810,0","6.655,5","868,11K","-0,79%"
"21.01.2020","6.708,5","6.689,0","6.716,0","6.611,0","548,73K","-0,13%"
"20.01.2020","6.717,0","6.700,0","6.770,0","6.684,5","446,77K","0,48%"
"17.01.2020","6.685,0","6.590,0","6.714,5","6.581,0","1,21M","1,44%"
"16.01.2020","6.590,0","6.558,0","6.596,0","6.542,0","1,02M","0,57%"
"15.01.2020","6.552,5","6.519,0","6.574,0","6.480,0","1,05M","0,49%"
"14.01.2020","6.520,5","6.541,5","6.566,5","6.459,5","719,82K","-0,15%"
"13.01.2020","6.530,0","6.492,0","6.541,5","6.465,0","578,06K","0,62%"
"10.01.2020","6.490,0","6.430,5","6.505,0","6.395,0","499,12K","0,93%"
"09.01.2020","6.430,0","6.450,0","6.523,5","6.393,5","885,96K","-1,02%"
"08.01.2020","6.496,5","6.400,0","6.513,0","6.350,5","976,35K","1,79%"
"06.01.2020","6.382,0","6.300,0","6.382,0","6.284,5","754,52K","1,40%"
"03.01.2020","6.294,0","6.203,5","6.294,0","6.185,0","795,87K","2,03%"